idproduto,mes,qtd
10464,7,89
10464,8,109
10464,9,119
10464,10,89
10464,11,59
10476,7,95
10476,8,101
10476,9,140
10476,10,94
10476,11,62
10477,7,149
10477,8,167
10477,9,207
10477,10,149
10477,11,88
10478,7,128
10478,8,155
10478,9,207
10478,10,94
10478,11,87
10480,7,57
10480,8,49
10480,9,226
10480,10,78
10480,11,48
10481,7,101
10481,8,83
10481,9,239
10481,10,74
10481,11,60
10482,7,80
10482,8,79
10482,9,244
10482,10,59
10482,11,40
10483,7,52
10483,8,53
10483,9,222
10483,10,69
10483,11,36
10494,7,76
10494,8,98
10494,9,215
10494,10,105
10494,11,45
10495,7,136
10495,8,136
10495,9,383
10495,10,148
10495,11,63
10496,7,94
10496,8,120
10496,9,301
10496,10,128
10496,11,60
10786,7,19
10786,8,28
10786,9,39
10786,10,19
10786,11,11
10787,7,37
10787,8,56
10787,9,79
10787,10,37
10787,11,22
10788,7,39
10788,8,58
10788,9,82
10788,10,39
10788,11,23
13561,7,40
13561,8,55
13561,9,62
13561,10,98
13561,11,43
13562,7,25
13562,8,50
13562,9,64
13562,10,69
13562,11,36
13576,7,55
13576,8,65
13576,9,93
13576,10,99
13576,11,58
13586,7,97
13586,8,137
13586,9,152
13586,10,196
13586,11,92
13587,7,95
13587,8,149
13587,9,120
13587,10,186
13587,11,94
13588,7,50
13588,8,77
13588,9,84
13588,10,125
13588,11,61
13589,7,30
13589,8,63
13589,9,64
13589,10,98
13589,11,49
13595,7,68
13595,8,92
13595,9,97
13595,10,122
13595,11,73
16030,7,17
16030,8,35
16030,9,32
16030,10,31
16030,11,34
16031,7,21
16031,8,45
16031,9,40
16031,10,39
16031,11,43
16032,7,19
16032,8,40
16032,9,37
16032,10,36
16032,11,39
16033,7,15
16033,8,31
16033,9,28
16033,10,27
16033,11,30
16034,7,16
16034,8,33
16034,9,30
16034,10,29
16034,11,32
16035,7,17
16035,8,35
16035,9,31
16035,10,30
16035,11,33
16036,7,14
16036,8,29
16036,9,26
16036,10,25
16036,11,28
16037,7,11
16037,8,23
16037,9,21
16037,10,20
16037,11,22
16042,7,22
16042,8,50
16042,9,61
16042,10,61
16042,11,30
16043,7,34
16043,8,58
16043,9,57
16043,10,70
16043,11,40
16044,7,22
16044,8,31
16044,9,43
16044,10,60
16044,11,34
16045,7,15
16045,8,22
16045,9,31
16045,10,51
16045,11,32
16046,7,40
16046,8,71
16046,9,82
16046,10,96
16046,11,63
16047,7,54
16047,8,78
16047,9,89
16047,10,138
16047,11,78
16048,7,41
16048,8,45
16048,9,64
16048,10,92
16048,11,41
16049,7,20
16049,8,32
16049,9,42
16049,10,64
16049,11,42
16050,7,20
16050,8,36
16050,9,34
16050,10,60
16050,11,39
16051,7,27
16051,8,60
16051,9,33
16051,10,80
16051,11,40
16052,7,26
16052,8,50
16052,9,28
16052,10,67
16052,11,41
16053,7,39
16053,8,76
16053,9,80
16053,10,126
16053,11,70
16054,7,57
16054,8,98
16054,9,90
16054,10,160
16054,11,95
16055,7,52
16055,8,72
16055,9,77
16055,10,130
16055,11,85
16056,7,25
16056,8,51
16056,9,46
16056,10,45
16056,11,49
16057,7,31
16057,8,64
16057,9,58
16057,10,57
16057,11,62
16058,7,25
16058,8,51
16058,9,46
16058,10,45
16058,11,49
16059,7,18
16059,8,38
16059,9,35
16059,10,34
16059,11,37
16064,7,35
16064,8,72
16064,9,65
16064,10,63
16064,11,69
16065,7,39
16065,8,81
16065,9,73
16065,10,71
16065,11,78
16066,7,28
16066,8,58
16066,9,53
16066,10,51
16066,11,56
16067,7,21
16067,8,44
16067,9,40
16067,10,39
16067,11,43
16433,7,129
16433,8,113
16433,9,226
16433,10,210
16433,11,95
16434,7,206
16434,8,168
16434,9,320
16434,10,307
16434,11,168
16435,7,161
16435,8,126
16435,9,238
16435,10,226
16435,11,130
16437,7,266
16437,8,173
16437,9,355
16437,10,365
16437,11,156
16438,7,409
16438,8,302
16438,9,585
16438,10,596
16438,11,254
16439,7,279
16439,8,196
16439,9,384
16439,10,384
16439,11,160
16440,7,28
16440,8,8
16440,9,15
16440,10,38
16440,11,114
16441,7,386
16441,8,196
16441,9,364
16441,10,478
16441,11,204
16442,7,552
16442,8,322
16442,9,604
16442,10,743
16442,11,330
16443,7,289
16443,8,184
16443,9,335
16443,10,419
16443,11,180
16444,7,23
16444,8,6
16444,9,49
16444,10,191
16444,11,186
16453,7,108
16453,8,72
16453,9,135
16453,10,178
16453,11,111
16454,7,222
16454,8,182
16454,9,288
16454,10,330
16454,11,175
16455,7,151
16455,8,107
16455,9,201
16455,10,204
16455,11,128
16456,7,58
16456,8,38
16456,9,82
16456,10,108
16456,11,48
16457,7,297
16457,8,189
16457,9,347
16457,10,399
16457,11,171
16458,7,566
16458,8,429
16458,9,676
16458,10,728
16458,11,336
16459,7,392
16459,8,276
16459,9,517
16459,10,535
16459,11,239
16460,7,152
16460,8,88
16460,9,214
16460,10,230
16460,11,92
16461,7,394
16461,8,266
16461,9,424
16461,10,532
16461,11,243
16462,7,636
16462,8,497
16462,9,734
16462,10,909
16462,11,409
16463,7,485
16463,8,333
16463,9,589
16463,10,642
16463,11,345
16464,7,153
16464,8,92
16464,9,218
16464,10,254
16464,11,102
16664,7,20
16664,8,28
16664,9,38
16664,10,41
16664,11,31
16665,7,25
16665,8,26
16665,9,40
16665,10,49
16665,11,32
16666,7,17
16666,8,25
16666,9,39
16666,10,38
16666,11,27
16667,7,11
16667,8,20
16667,9,31
16667,10,31
16667,11,17
16695,7,25
16695,8,17
16695,9,56
16695,10,43
16695,11,24
16696,7,50
16696,8,18
16696,9,60
16696,10,39
16696,11,19
16697,7,47
16697,8,19
16697,9,42
16697,10,36
16697,11,20
16699,7,28
16699,8,26
16699,9,55
16699,10,45
16699,11,36
16700,7,34
16700,8,25
16700,9,61
16700,10,59
16700,11,36
16701,7,32
16701,8,16
16701,9,43
16701,10,45
16701,11,33
16713,7,193
16713,8,168
16713,9,312
16713,10,262
16713,11,225
16714,7,361
16714,8,331
16714,9,561
16714,10,457
16714,11,419
16715,7,316
16715,8,316
16715,9,532
16715,10,398
16715,11,363
16716,7,154
16716,8,194
16716,9,331
16716,10,241
16716,11,211
16748,7,47
16748,8,37
16748,9,38
16748,10,39
16748,11,18
16749,7,85
16749,8,77
16749,9,103
16749,10,152
16749,11,51
16750,7,91
16750,8,82
16750,9,83
16750,10,147
16750,11,42
16751,7,57
16751,8,42
16751,9,63
16751,10,74
16751,11,20
16756,7,78
16756,8,46
16756,9,53
16756,10,62
16756,11,19
16757,7,156
16757,8,105
16757,9,158
16757,10,235
16757,11,96
16758,7,162
16758,8,124
16758,9,182
16758,10,241
16758,11,91
16759,7,100
16759,8,59
16759,9,98
16759,10,130
16759,11,41
16855,7,176
16855,8,106
16855,9,242
16855,10,198
16855,11,86
16856,7,281
16856,8,178
16856,9,336
16856,10,418
16856,11,185
16857,7,181
16857,8,112
16857,9,220
16857,10,191
16857,11,77
16863,7,46
16863,8,37
16863,9,37
16863,10,35
16863,11,9
16864,7,97
16864,8,72
16864,9,76
16864,10,127
16864,11,45
16865,7,76
16865,8,83
16865,9,65
16865,10,123
16865,11,40
16866,7,72
16866,8,51
16866,9,41
16866,10,64
16866,11,13
16879,7,218
16879,8,118
16879,9,236
16879,10,265
16879,11,145
16880,7,431
16880,8,292
16880,9,531
16880,10,543
16880,11,306
16881,7,255
16881,8,160
16881,9,336
16881,10,332
16881,11,173
16882,7,90
16882,8,50
16882,9,120
16882,10,111
16882,11,45
16912,7,32
16912,8,28
16912,9,43
16912,10,32
16912,11,19
16913,7,40
16913,8,33
16913,9,62
16913,10,55
16913,11,30
16914,7,40
16914,8,22
16914,9,51
16914,10,43
16914,11,30
16915,7,22
16915,8,13
16915,9,29
16915,10,26
16915,11,20
16916,7,20
16916,8,6
16916,9,21
16916,10,10
16916,11,13
16917,7,26
16917,8,9
16917,9,21
16917,10,11
16917,11,10
16918,7,27
16918,8,10
16918,9,27
16918,10,10
16918,11,16
16919,7,15
16919,8,9
16919,9,28
16919,10,10
16919,11,15
16933,7,31
16933,8,56
16933,9,66
16933,10,65
16933,11,34
16934,7,32
16934,8,51
16934,9,66
16934,10,76
16934,11,33
16935,7,17
16935,8,34
16935,9,41
16935,10,56
16935,11,22
16936,7,13
16936,8,28
16936,9,32
16936,10,35
16936,11,21
17581,7,33
17581,8,59
17581,9,79
17581,10,54
17581,11,40
17582,7,88
17582,8,116
17582,9,134
17582,10,117
17582,11,89
17583,7,71
17583,8,97
17583,9,115
17583,10,119
17583,11,69
17585,7,18
17585,8,26
17585,9,135
17585,10,50
17585,11,30
17586,7,38
17586,8,50
17586,9,204
17586,10,88
17586,11,54
17587,7,28
17587,8,44
17587,9,206
17587,10,72
17587,11,54
17626,7,66
17626,8,61
17626,9,89
17626,10,87
17626,11,58
17627,7,73
17627,8,67
17627,9,99
17627,10,97
17627,11,65
17628,7,55
17628,8,51
17628,9,75
17628,10,73
17628,11,49
17681,7,42
17681,8,56
17681,9,76
17681,10,74
17681,11,61
17682,7,112
17682,8,107
17682,9,166
17682,10,169
17682,11,119
17683,7,129
17683,8,114
17683,9,162
17683,10,183
17683,11,99
17684,7,108
17684,8,120
17684,9,178
17684,10,163
17684,11,103
17685,7,357
17685,8,299
17685,9,512
17685,10,461
17685,11,227
17686,7,378
17686,8,326
17686,9,515
17686,10,502
17686,11,267
17687,7,54
17687,8,86
17687,9,126
17687,10,78
17687,11,87
17688,7,226
17688,8,238
17688,9,338
17688,10,278
17688,11,189
17689,7,151
17689,8,205
17689,9,300
17689,10,240
17689,11,180
17690,7,88
17690,8,123
17690,9,179
17690,10,176
17690,11,136
17691,7,406
17691,8,371
17691,9,498
17691,10,520
17691,11,241
17692,7,281
17692,8,329
17692,9,476
17692,10,447
17692,11,285
17748,7,47
17748,8,62
17748,9,71
17748,10,12
17748,11,4
17749,7,70
17749,8,97
17749,9,104
17749,10,19
17749,11,7
17750,7,77
17750,8,79
17750,9,89
17750,10,15
17750,11,8
17766,7,14
17766,8,20
17766,9,29
17766,10,14
17766,11,8
17767,7,25
17767,8,38
17767,9,53
17767,10,25
17767,11,15
17768,7,21
17768,8,31
17768,9,43
17768,10,21
17768,11,12
17988,7,28
17988,8,17
17988,9,67
17988,10,66
17988,11,35
17989,7,44
17989,8,22
17989,9,70
17989,10,66
17989,11,36
17990,7,48
17990,8,20
17990,9,50
17990,10,52
17990,11,24
18030,7,36
18030,8,31
18030,9,40
18030,10,39
18030,11,12
18031,7,41
18031,8,49
18031,9,64
18031,10,35
18031,11,20
18032,7,57
18032,8,43
18032,9,78
18032,10,45
18032,11,21
18033,7,39
18033,8,38
18033,9,60
18033,10,37
18033,11,18
18034,7,43
18034,8,44
18034,9,71
18034,10,72
18034,11,29
18035,7,71
18035,8,68
18035,9,105
18035,10,100
18035,11,44
18036,7,71
18036,8,62
18036,9,104
18036,10,107
18036,11,37
18037,7,41
18037,8,43
18037,9,83
18037,10,66
18037,11,31
18038,7,30
18038,8,31
18038,9,42
18038,10,57
18038,11,14
18039,7,38
18039,8,40
18039,9,55
18039,10,55
18039,11,29
18040,7,54
18040,8,36
18040,9,63
18040,10,55
18040,11,19
18041,7,29
18041,8,35
18041,9,49
18041,10,51
18041,11,17
18058,7,79
18058,8,157
18058,9,179
18058,10,127
18058,11,109
18059,7,190
18059,8,291
18059,9,370
18059,10,314
18059,11,189
18060,7,232
18060,8,343
18060,9,443
18060,10,382
18060,11,194
18061,7,159
18061,8,230
18061,9,350
18061,10,353
18061,11,160
18062,7,119
18062,8,170
18062,9,220
18062,10,201
18062,11,99
18063,7,323
18063,8,411
18063,9,538
18063,10,498
18063,11,301
18064,7,344
18064,8,485
18064,9,580
18064,10,647
18064,11,382
18065,7,252
18065,8,323
18065,9,477
18065,10,498
18065,11,249
18066,7,55
18066,8,75
18066,9,104
18066,10,79
18066,11,47
18067,7,99
18067,8,169
18067,9,248
18067,10,177
18067,11,94
18068,7,117
18068,8,168
18068,9,273
18068,10,260
18068,11,136
18069,7,88
18069,8,129
18069,9,229
18069,10,183
18069,11,103
18078,7,75
18078,8,63
18078,9,89
18078,10,81
18078,11,79
18079,7,134
18079,8,128
18079,9,208
18079,10,175
18079,11,187
18080,7,112
18080,8,132
18080,9,206
18080,10,145
18080,11,151
18081,7,97
18081,8,94
18081,9,150
18081,10,119
18081,11,119
18082,7,201
18082,8,199
18082,9,330
18082,10,271
18082,11,243
18083,7,205
18083,8,212
18083,9,350
18083,10,266
18083,11,229
18084,7,81
18084,8,49
18084,9,85
18084,10,67
18084,11,77
18085,7,124
18085,8,116
18085,9,173
18085,10,152
18085,11,152
18086,7,107
18086,8,113
18086,9,168
18086,10,122
18086,11,150
18094,7,22
18094,8,27
18094,9,41
18094,10,69
18094,11,34
18095,7,27
18095,8,25
18095,9,35
18095,10,103
18095,11,38
18096,7,22
18096,8,17
18096,9,32
18096,10,73
18096,11,37
18097,7,18
18097,8,44
18097,9,43
18097,10,62
18097,11,44
18098,7,58
18098,8,68
18098,9,82
18098,10,132
18098,11,79
18099,7,66
18099,8,59
18099,9,70
18099,10,161
18099,11,70
18100,7,53
18100,8,50
18100,9,63
18100,10,189
18100,11,53
18170,7,47
18170,8,63
18170,9,88
18170,10,85
18170,11,66
18171,7,87
18171,8,152
18171,9,180
18171,10,184
18171,11,147
18172,7,109
18172,8,165
18172,9,239
18172,10,234
18172,11,153
18173,7,79
18173,8,120
18173,9,172
18173,10,203
18173,11,135
18277,7,53
18277,8,69
18277,9,111
18277,10,136
18277,11,64
18278,7,155
18278,8,209
18278,9,261
18278,10,280
18278,11,164
18279,7,92
18279,8,122
18279,9,179
18279,10,170
18279,11,129
18280,7,214
18280,8,224
18280,9,343
18280,10,335
18280,11,163
18281,7,13
18281,8,8
18281,9,28
18281,10,17
18281,11,14
18282,7,17
18282,8,11
18282,9,28
18282,10,24
18282,11,17
18283,7,21
18283,8,11
18283,9,23
18283,10,26
18283,11,12
18284,7,12
18284,8,4
18284,9,28
18284,10,27
18284,11,13
18640,7,23
18640,8,26
18640,9,36
18640,10,36
18640,11,23
18641,7,51
18641,8,58
18641,9,82
18641,10,80
18641,11,52
18642,7,60
18642,8,69
18642,9,97
18642,10,96
18642,11,62
18643,7,47
18643,8,54
18643,9,76
18643,10,75
18643,11,48
18973,7,22
18973,8,22
18973,9,24
18973,10,17
18973,11,14
18974,7,37
18974,8,37
18974,9,41
18974,10,29
18974,11,23
18975,7,30
18975,8,30
18975,9,34
18975,10,24
18975,11,19
18977,7,23
18977,8,23
18977,9,26
18977,10,18
18977,11,15
18978,7,39
18978,8,39
18978,9,44
18978,10,31
18978,11,25
18979,7,28
18979,8,28
18979,9,32
18979,10,22
18979,11,18
18985,7,19
18985,8,19
18985,9,22
18985,10,15
18985,11,12
18986,7,33
18986,8,33
18986,9,37
18986,10,26
18986,11,21
18987,7,28
18987,8,28
18987,9,31
18987,10,22
18987,11,18
19278,7,13
19278,8,23
19278,9,28
19278,10,24
19278,11,10
19279,7,21
19279,8,30
19279,9,39
19279,10,38
19279,11,12
19280,7,24
19280,8,32
19280,9,42
19280,10,46
19280,11,23
19281,7,13
19281,8,28
19281,9,33
19281,10,26
19281,11,10
19282,7,25
19282,8,37
19282,9,38
19282,10,37
19282,11,22
19283,7,39
19283,8,58
19283,9,68
19283,10,62
19283,11,34
19284,7,39
19284,8,54
19284,9,61
19284,10,64
19284,11,33
19285,7,22
19285,8,35
19285,9,34
19285,10,46
19285,11,12
19298,7,51
19298,8,51
19298,9,53
19298,10,25
19298,11,28
19299,7,71
19299,8,87
19299,9,105
19299,10,85
19299,11,30
19300,7,45
19300,8,69
19300,9,93
19300,10,84
19300,11,29
19307,7,47
19307,8,58
19307,9,52
19307,10,25
19307,11,26
19308,7,64
19308,8,86
19308,9,101
19308,10,72
19308,11,33
19309,7,49
19309,8,65
19309,9,82
19309,10,73
19309,11,30
19310,7,25
19310,8,38
19310,9,50
19310,10,42
19310,11,29
19311,7,48
19311,8,73
19311,9,97
19311,10,82
19311,11,57
19312,7,35
19312,8,53
19312,9,71
19312,10,60
19312,11,41
19319,7,22
19319,8,32
19319,9,43
19319,10,36
19319,11,25
19320,7,42
19320,8,63
19320,9,84
19320,10,70
19320,11,49
19321,7,30
19321,8,46
19321,9,61
19321,10,51
19321,11,35
19367,7,21
19367,8,21
19367,9,35
19367,10,28
19367,11,16
19368,7,28
19368,8,28
19368,9,31
19368,10,21
19368,11,20
19369,7,5
19369,8,24
19369,9,20
19369,10,27
19369,11,30
19370,7,21
19370,8,24
19370,9,14
19370,10,23
19370,11,4
19372,7,44
19372,8,32
19372,9,24
19372,10,32
19372,11,24
19373,7,40
19373,8,52
19373,9,49
19373,10,48
19373,11,55
19374,7,20
19374,8,29
19374,9,11
19374,10,27
19374,11,30
19375,7,44
19375,8,33
19375,9,39
19375,10,54
19375,11,29
19376,7,35
19376,8,48
19376,9,54
19376,10,47
19376,11,52
19377,7,36
19377,8,36
19377,9,52
19377,10,57
19377,11,45
19378,7,30
19378,8,40
19378,9,30
19378,10,34
19378,11,69
19379,7,18
19379,8,26
19379,9,26
19379,10,30
19379,11,32
19381,7,34
19381,8,31
19381,9,24
19381,10,17
19381,11,26
19382,7,96
19382,8,121
19382,9,170
19382,10,130
19382,11,117
19383,7,76
19383,8,92
19383,9,108
19383,10,67
19383,11,113
19384,7,38
19384,8,43
19384,9,51
19384,10,58
19384,11,47
19385,7,36
19385,8,32
19385,9,30
19385,10,58
19385,11,27
19386,7,31
19386,8,25
19386,9,31
19386,10,40
19386,11,31
19387,7,118
19387,8,129
19387,9,180
19387,10,169
19387,11,115
19388,7,107
19388,8,129
19388,9,188
19388,10,156
19388,11,189
19389,7,52
19389,8,50
19389,9,79
19389,10,81
19389,11,44
19390,7,98
19390,8,127
19390,9,176
19390,10,166
19390,11,109
19391,7,94
19391,8,116
19391,9,146
19391,10,142
19391,11,190
19394,7,26
19394,8,13
19394,9,22
19394,10,16
19394,11,10
19395,7,11
19395,8,42
19395,9,37
19395,10,16
19395,11,18
19398,7,21
19398,8,19
19398,9,33
19398,10,27
19398,11,18
19399,7,27
19399,8,74
19399,9,63
19399,10,30
19399,11,27
19400,7,24
19400,8,35
19400,9,36
19400,10,24
19400,11,12
19401,7,3
19401,8,31
19401,9,29
19401,10,13
19401,11,2
19402,7,22
19402,8,20
19402,9,27
19402,10,30
19402,11,20
19403,7,26
19403,8,69
19403,9,68
19403,10,37
19403,11,25
19405,7,11
19405,8,45
19405,9,44
19405,10,22
19405,11,21
19406,7,19
19406,8,26
19406,9,36
19406,10,13
19406,11,9
19408,7,23
19408,8,19
19408,9,38
19408,10,31
19408,11,10
19409,7,35
19409,8,69
19409,9,58
19409,10,41
19409,11,29
19410,7,29
19410,8,37
19410,9,38
19410,10,37
19410,11,13
19411,7,19
19411,8,25
19411,9,36
19411,10,22
19411,11,6
19412,7,62
19412,8,44
19412,9,87
19412,10,60
19412,11,33
19413,7,58
19413,8,107
19413,9,83
19413,10,63
19413,11,43
19414,7,36
19414,8,40
19414,9,42
19414,10,46
19414,11,23
19415,7,4
19415,8,20
19415,9,24
19415,10,22
19415,11,8
19416,7,65
19416,8,40
19416,9,70
19416,10,63
19416,11,33
19417,7,36
19417,8,84
19417,9,85
19417,10,67
19417,11,39
19418,7,13
19418,8,29
19418,9,34
19418,10,44
19418,11,14
19419,7,22
19419,8,70
19419,9,63
19419,10,56
19419,11,30
19618,7,39
19618,8,51
19618,9,46
19618,10,91
19618,11,64
19620,7,12
19620,8,28
19620,9,17
19620,10,41
19620,11,22
19655,7,108
19655,8,136
19655,9,218
19655,10,154
19655,11,152
19657,7,74
19657,8,85
19657,9,121
19657,10,103
19657,11,91
19658,7,78
19658,8,112
19658,9,136
19658,10,106
19658,11,102
21365,7,56
21365,8,62
21365,9,76
21365,10,74
21365,11,47
21366,7,68
21366,8,66
21366,9,96
21366,10,153
21366,11,57
21367,7,74
21367,8,83
21367,9,113
21367,10,141
21367,11,48
21368,7,49
21368,8,60
21368,9,80
21368,10,83
21368,11,48
21369,7,90
21369,8,76
21369,9,125
21369,10,150
21369,11,72
21370,7,85
21370,8,75
21370,9,115
21370,10,128
21370,11,66
22358,7,42
22358,8,42
22358,9,60
22358,10,65
22358,11,32
22359,7,75
22359,8,76
22359,9,109
22359,10,107
22359,11,71
22360,7,73
22360,8,70
22360,9,116
22360,10,138
22360,11,60
22361,7,52
22361,8,60
22361,9,98
22361,10,117
22361,11,51
22362,7,30
22362,8,33
22362,9,84
22362,10,79
22362,11,29
22779,7,4
22779,8,7
22779,9,9
22779,10,7
22779,11,5
22781,7,11
22781,8,16
22781,9,22
22781,10,18
22781,11,13
22782,7,14
22782,8,21
22782,9,28
22782,10,24
22782,11,16
22783,7,6
22783,8,9
22783,9,12
22783,10,10
22783,11,7
22785,7,15
22785,8,23
22785,9,31
22785,10,26
22785,11,18
22786,7,17
22786,8,25
22786,9,34
22786,10,28
22786,11,20
22788,7,8
22788,8,12
22788,9,16
22788,10,14
22788,11,10
22789,7,12
22789,8,19
22789,9,25
22789,10,21
22789,11,15
22790,7,12
22790,8,18
22790,9,24
22790,10,20
22790,11,14
22793,7,9
22793,8,13
22793,9,17
22793,10,15
22793,11,10
22794,7,3
22794,8,4
22794,9,6
22794,10,5
22794,11,3
23092,7,141
23092,8,175
23092,9,244
23092,10,169
23092,11,82
23388,7,88
23388,8,82
23388,9,202
23388,10,195
23388,11,147
23389,7,87
23389,8,82
23389,9,201
23389,10,194
23389,11,147
23390,7,60
23390,8,56
23390,9,138
23390,10,133
23390,11,100
24094,7,7
24094,8,10
24094,9,13
24094,10,11
24094,11,8
24095,7,6
24095,8,9
24095,9,12
24095,10,10
24095,11,7
24096,7,2
24096,8,4
24096,9,5
24096,10,4
24096,11,3
24097,7,12
24097,8,18
24097,9,24
24097,10,20
24097,11,14
24098,7,10
24098,8,15
24098,9,21
24098,10,17
24098,11,12
24099,7,4
24099,8,6
24099,9,7
24099,10,6
24099,11,4
24101,7,15
24101,8,23
24101,9,30
24101,10,25
24101,11,18
24102,7,11
24102,8,17
24102,9,23
24102,10,19
24102,11,13
24103,7,3
24103,8,5
24103,9,7
24103,10,6
24103,11,4
24105,7,11
24105,8,17
24105,9,22
24105,10,19
24105,11,13
24106,7,8
24106,8,12
24106,9,16
24106,10,13
24106,11,9
24107,7,8
24107,8,12
24107,9,16
24107,10,13
24107,11,9
24108,7,7
24108,8,10
24108,9,13
24108,10,11
24108,11,8
24234,7,49
24234,8,45
24234,9,66
24234,10,65
24234,11,44
24235,7,55
24235,8,51
24235,9,75
24235,10,73
24235,11,49
24236,7,47
24236,8,43
24236,9,64
24236,10,62
24236,11,42
24237,7,31
24237,8,28
24237,9,42
24237,10,41
24237,11,27
25620,7,102
25620,8,106
25620,9,142
25620,10,121
25620,11,71
25621,7,212
25621,8,241
25621,9,335
25621,10,242
25621,11,177
25622,7,149
25622,8,177
25622,9,225
25622,10,175
25622,11,105
25624,7,79
25624,8,101
25624,9,119
25624,10,109
25624,11,86
25625,7,230
25625,8,244
25625,9,297
25625,10,278
25625,11,176
25626,7,157
25626,8,158
25626,9,199
25626,10,204
25626,11,101
25628,7,57
25628,8,69
25628,9,102
25628,10,102
25628,11,61
25629,7,139
25629,8,145
25629,9,186
25629,10,189
25629,11,130
25630,7,89
25630,8,95
25630,9,113
25630,10,151
25630,11,74
25640,7,99
25640,8,94
25640,9,116
25640,10,80
25640,11,68
25641,7,265
25641,8,226
25641,9,316
25641,10,273
25641,11,153
25642,7,222
25642,8,191
25642,9,298
25642,10,211
25642,11,129
25643,7,106
25643,8,83
25643,9,153
25643,10,118
25643,11,64
25644,7,88
25644,8,94
25644,9,120
25644,10,83
25644,11,75
25645,7,260
25645,8,229
25645,9,344
25645,10,308
25645,11,184
25646,7,260
25646,8,208
25646,9,298
25646,10,268
25646,11,164
25647,7,91
25647,8,76
25647,9,151
25647,10,130
25647,11,68
25648,7,76
25648,8,87
25648,9,93
25648,10,58
25648,11,58
25649,7,174
25649,8,170
25649,9,205
25649,10,170
25649,11,101
25650,7,166
25650,8,149
25650,9,205
25650,10,151
25650,11,97
25651,7,64
25651,8,49
25651,9,87
25651,10,83
25651,11,42
25660,7,186
25660,8,164
25660,9,236
25660,10,212
25660,11,173
25661,7,348
25661,8,315
25661,9,488
25661,10,442
25661,11,255
25662,7,227
25662,8,238
25662,9,374
25662,10,297
25662,11,169
25663,7,81
25663,8,84
25663,9,130
25663,10,109
25663,11,61
25664,7,76
25664,8,77
25664,9,134
25664,10,108
25664,11,60
25665,7,137
25665,8,168
25665,9,264
25665,10,235
25665,11,122
25666,7,108
25666,8,120
25666,9,162
25666,10,165
25666,11,108
25668,7,150
25668,8,131
25668,9,205
25668,10,202
25668,11,94
25669,7,224
25669,8,273
25669,9,427
25669,10,339
25669,11,186
25670,7,214
25670,8,207
25670,9,269
25670,10,254
25670,11,130
25671,7,69
25671,8,79
25671,9,122
25671,10,101
25671,11,52
25721,7,15
25721,8,15
25721,9,16
25721,10,12
25721,11,9
25722,7,23
25722,8,23
25722,9,26
25722,10,18
25722,11,15
25723,7,21
25723,8,21
25723,9,24
25723,10,17
25723,11,14
25724,7,15
25724,8,15
25724,9,17
25724,10,12
25724,11,10
25725,7,20
25725,8,20
25725,9,23
25725,10,16
25725,11,13
25726,7,33
25726,8,33
25726,9,37
25726,10,26
25726,11,21
25727,7,33
25727,8,33
25727,9,37
25727,10,26
25727,11,21
25728,7,23
25728,8,23
25728,9,26
25728,10,18
25728,11,15
25729,7,17
25729,8,17
25729,9,19
25729,10,13
25729,11,11
25730,7,31
25730,8,31
25730,9,35
25730,10,25
25730,11,20
25731,7,31
25731,8,31
25731,9,35
25731,10,25
25731,11,20
25732,7,24
25732,8,24
25732,9,27
25732,10,19
25732,11,15
25737,7,21
25737,8,10
25737,9,32
25737,10,16
25737,11,15
25738,7,32
25738,8,16
25738,9,50
25738,10,25
25738,11,23
25739,7,28
25739,8,14
25739,9,44
25739,10,22
25739,11,20
25740,7,19
25740,8,10
25740,9,30
25740,10,15
25740,11,14
25745,7,21
25745,8,10
25745,9,33
25745,10,16
25745,11,15
25746,7,32
25746,8,16
25746,9,50
25746,10,25
25746,11,22
25747,7,29
25747,8,15
25747,9,45
25747,10,23
25747,11,20
25748,7,20
25748,8,10
25748,9,31
25748,10,16
25748,11,14
25753,7,14
25753,8,7
25753,9,22
25753,10,11
25753,11,10
25754,7,23
25754,8,12
25754,9,36
25754,10,18
25754,11,16
25755,7,22
25755,8,11
25755,9,34
25755,10,17
25755,11,15
25756,7,16
25756,8,8
25756,9,25
25756,10,13
25756,11,11
25761,7,20
25761,8,10
25761,9,31
25761,10,15
25761,11,14
25762,7,31
25762,8,15
25762,9,48
25762,10,24
25762,11,22
25763,7,29
25763,8,14
25763,9,45
25763,10,22
25763,11,20
25764,7,20
25764,8,10
25764,9,31
25764,10,16
25764,11,14
25963,7,34
25963,8,31
25963,9,46
25963,10,45
25963,11,30
25964,7,37
25964,8,34
25964,9,50
25964,10,49
25964,11,33
25965,7,32
25965,8,30
25965,9,44
25965,10,43
25965,11,29
25986,7,26
25986,8,24
25986,9,35
25986,10,35
25986,11,23
25987,7,56
25987,8,52
25987,9,76
25987,10,74
25987,11,50
25988,7,57
25988,8,52
25988,9,77
25988,10,75
25988,11,50
25989,7,48
25989,8,44
25989,9,65
25989,10,63
25989,11,42
26318,7,11
26318,8,5
26318,9,17
26318,10,8
26318,11,7
26320,7,14
26320,8,7
26320,9,22
26320,10,11
26320,11,10
27047,7,57
27047,8,55
27047,9,83
27047,10,87
27047,11,52
27048,7,116
27048,8,100
27048,9,130
27048,10,153
27048,11,119
27049,7,79
27049,8,83
27049,9,123
27049,10,136
27049,11,81
27051,7,86
27051,8,99
27051,9,127
27051,10,88
27051,11,69
27052,7,158
27052,8,160
27052,9,265
27052,10,224
27052,11,117
27053,7,121
27053,8,126
27053,9,181
27053,10,152
27053,11,91
27055,7,42
27055,8,43
27055,9,56
27055,10,65
27055,11,52
27056,7,91
27056,8,94
27056,9,131
27056,10,144
27056,11,119
27057,7,99
27057,8,86
27057,9,135
27057,10,148
27057,11,71
27058,7,44
27058,8,37
27058,9,73
27058,10,80
27058,11,46
27099,7,33
27099,8,68
27099,9,61
27099,10,60
27099,11,65
27100,7,36
27100,8,74
27100,9,67
27100,10,66
27100,11,72
27101,7,23
27101,8,49
27101,9,44
27101,10,43
27101,11,47
27102,7,16
27102,8,33
27102,9,30
27102,10,29
27102,11,32
27104,7,35
27104,8,72
27104,9,65
27104,10,64
27104,11,70
27105,7,43
27105,8,88
27105,9,80
27105,10,78
27105,11,85
27106,7,32
27106,8,66
27106,9,60
27106,10,58
27106,11,64
27107,7,22
27107,8,45
27107,9,41
27107,10,40
27107,11,44
27678,7,61
27678,8,43
27678,9,70
27678,10,55
27678,11,31
27679,7,47
27679,8,51
27679,9,74
27679,10,50
27679,11,27
27682,7,40
27682,8,53
27682,9,77
27682,10,53
27682,11,36
27683,7,37
27683,8,46
27683,9,72
27683,10,57
27683,11,32
27973,7,45
27973,8,40
27973,9,57
27973,10,50
27973,11,23
27974,7,90
27974,8,59
27974,9,73
27974,10,77
27974,11,49
27975,7,65
27975,8,58
27975,9,56
27975,10,53
27975,11,34
27977,7,79
27977,8,69
27977,9,113
27977,10,72
27977,11,42
27978,7,122
27978,8,118
27978,9,256
27978,10,120
27978,11,85
27979,7,87
27979,8,90
27979,9,185
27979,10,103
27979,11,65
28625,7,41
28625,8,33
28625,9,53
28625,10,55
28625,11,23
28626,7,83
28626,8,82
28626,9,136
28626,10,129
28626,11,63
28627,7,101
28627,8,104
28627,9,141
28627,10,173
28627,11,85
28628,7,76
28628,8,89
28628,9,123
28628,10,145
28628,11,71
28629,7,76
28629,8,74
28629,9,110
28629,10,115
28629,11,69
28630,7,156
28630,8,160
28630,9,210
28630,10,215
28630,11,104
28631,7,136
28631,8,122
28631,9,165
28631,10,186
28631,11,110
28632,7,82
28632,8,71
28632,9,83
28632,10,127
28632,11,63
28633,7,36
28633,8,62
28633,9,84
28633,10,68
28633,11,44
28634,7,77
28634,8,134
28634,9,181
28634,10,151
28634,11,87
28635,7,107
28635,8,141
28635,9,215
28635,10,229
28635,11,97
28636,7,82
28636,8,101
28636,9,159
28636,10,166
28636,11,80
28637,7,72
28637,8,80
28637,9,147
28637,10,82
28637,11,64
28638,7,221
28638,8,234
28638,9,347
28638,10,275
28638,11,160
28639,7,212
28639,8,223
28639,9,334
28639,10,281
28639,11,158
28640,7,105
28640,8,132
28640,9,190
28640,10,189
28640,11,94
28641,7,102
28641,8,79
28641,9,124
28641,10,112
28641,11,94
28642,7,452
28642,8,379
28642,9,547
28642,10,560
28642,11,354
28643,7,459
28643,8,424
28643,9,573
28643,10,615
28643,11,384
28644,7,276
28644,8,299
28644,9,381
28644,10,439
28644,11,264
28645,7,49
28645,8,46
28645,9,85
28645,10,77
28645,11,32
28646,7,110
28646,8,130
28646,9,193
28646,10,177
28646,11,88
28647,7,79
28647,8,94
28647,9,125
28647,10,118
28647,11,62
28649,7,86
28649,8,88
28649,9,130
28649,10,93
28649,11,57
28650,7,160
28650,8,189
28650,9,300
28650,10,202
28650,11,116
28651,7,145
28651,8,165
28651,9,231
28651,10,147
28651,11,95
28653,7,69
28653,8,76
28653,9,99
28653,10,60
28653,11,42
28654,7,168
28654,8,155
28654,9,255
28654,10,181
28654,11,91
28655,7,170
28655,8,166
28655,9,217
28655,10,127
28655,11,68
28656,7,77
28656,8,56
28656,9,103
28656,10,81
28656,11,37
29141,7,26
29141,8,28
29141,9,68
29141,10,49
29141,11,45
29142,7,23
29142,8,25
29142,9,62
29142,10,44
29142,11,41
29143,7,16
29143,8,17
29143,9,42
29143,10,30
29143,11,28
29415,7,54
29415,8,78
29415,9,83
29415,10,128
29415,11,52
29416,7,64
29416,8,83
29416,9,101
29416,10,114
29416,11,45
29417,7,40
29417,8,63
29417,9,78
29417,10,113
29417,11,36
29418,7,36
29418,8,56
29418,9,65
29418,10,68
29418,11,24
29419,7,46
29419,8,63
29419,9,83
29419,10,65
29419,11,25
29420,7,29
29420,8,51
29420,9,72
29420,10,69
29420,11,24
29424,7,38
29424,8,54
29424,9,53
29424,10,70
29424,11,23
29425,7,44
29425,8,58
29425,9,58
29425,10,62
29425,11,23
29426,7,25
29426,8,42
29426,9,56
29426,10,60
29426,11,17
29427,7,48
29427,8,67
29427,9,64
29427,10,72
29427,11,23
29428,7,58
29428,8,76
29428,9,86
29428,10,70
29428,11,31
29429,7,42
29429,8,64
29429,9,76
29429,10,68
29429,11,24
29552,7,20
29552,8,21
29552,9,52
29552,10,37
29552,11,35
29875,7,43
29875,8,82
29875,9,86
29875,10,93
29875,11,53
29876,7,48
29876,8,92
29876,9,96
29876,10,104
29876,11,59
29877,7,37
29877,8,70
29877,9,73
29877,10,80
29877,11,45
29881,7,22
29881,8,42
29881,9,44
29881,10,48
29881,11,27
29882,7,22
29882,8,41
29882,9,43
29882,10,46
29882,11,26
29883,7,19
29883,8,36
29883,9,38
29883,10,41
29883,11,23
29971,7,15
29971,8,6
29971,9,13
29971,10,0
29971,11,0
29972,7,16
29972,8,6
29972,9,14
29972,10,0
29972,11,0
29973,7,18
29973,8,7
29973,9,15
29973,10,0
29973,11,0
30061,7,141
30061,8,159
30061,9,226
30061,10,238
30061,11,164
30062,7,180
30062,8,193
30062,9,339
30062,10,333
30062,11,184
30063,7,180
30063,8,168
30063,9,279
30063,10,250
30063,11,188
30064,7,115
30064,8,95
30064,9,139
30064,10,161
30064,11,110
30065,7,71
30065,8,100
30065,9,121
30065,10,103
30065,11,68
30066,7,94
30066,8,132
30066,9,183
30066,10,135
30066,11,108
30067,7,74
30067,8,107
30067,9,152
30067,10,97
30067,11,89
30068,7,54
30068,8,77
30068,9,108
30068,10,80
30068,11,69
30097,7,16
30097,8,39
30097,9,46
30097,10,40
30097,11,42
30101,7,31
30101,8,76
30101,9,86
30101,10,72
30101,11,59
30105,7,34
30105,8,73
30105,9,98
30105,10,77
30105,11,44
30109,7,25
30109,8,46
30109,9,54
30109,10,56
30109,11,42
30153,7,24
30153,8,10
30153,9,21
30153,10,20
30153,11,7
30154,7,10
30154,8,31
30154,9,39
30154,10,20
30154,11,10
30157,7,29
30157,8,14
30157,9,22
30157,10,22
30157,11,8
30158,7,30
30158,8,37
30158,9,48
30158,10,30
30158,11,29
30160,7,3
30160,8,2
30160,9,25
30160,10,43
30160,11,17
30161,7,32
30161,8,37
30161,9,39
30161,10,23
30161,11,18
30286,7,66
30286,8,68
30286,9,120
30286,10,105
30286,11,60
30287,7,95
30287,8,100
30287,9,146
30287,10,145
30287,11,80
30288,7,81
30288,8,93
30288,9,132
30288,10,117
30288,11,66
30289,7,53
30289,8,54
30289,9,81
30289,10,72
30289,11,30
30290,7,82
30290,8,109
30290,9,126
30290,10,118
30290,11,64
30291,7,82
30291,8,110
30291,9,117
30291,10,114
30291,11,63
30581,7,71
30581,8,47
30581,9,102
30581,10,74
30581,11,41
30582,7,90
30582,8,96
30582,9,162
30582,10,109
30582,11,76
30583,7,68
30583,8,81
30583,9,128
30583,10,88
30583,11,53
30745,7,34
30745,8,30
30745,9,55
30745,10,30
30745,11,29
30746,7,52
30746,8,47
30746,9,84
30746,10,45
30746,11,44
30747,7,46
30747,8,42
30747,9,75
30747,10,40
30747,11,39
30748,7,30
30748,8,27
30748,9,50
30748,10,27
30748,11,26
30749,7,23
30749,8,21
30749,9,37
30749,10,20
30749,11,19
30750,7,36
30750,8,32
30750,9,58
30750,10,31
30750,11,30
30751,7,34
30751,8,31
30751,9,55
30751,10,30
30751,11,29
30752,7,24
30752,8,21
30752,9,39
30752,10,21
30752,11,20
30893,7,27
30893,8,29
30893,9,71
30893,10,51
30893,11,47
30894,7,30
30894,8,32
30894,9,79
30894,10,57
30894,11,53
30895,7,29
30895,8,31
30895,9,76
30895,10,54
30895,11,50
30896,7,21
30896,8,23
30896,9,56
30896,10,40
30896,11,38
30901,7,40
30901,8,44
30901,9,107
30901,10,77
30901,11,71
30902,7,48
30902,8,52
30902,9,127
30902,10,91
30902,11,84
30903,7,44
30903,8,47
30903,9,115
30903,10,82
30903,11,76
30904,7,27
30904,8,29
30904,9,71
30904,10,51
30904,11,47
31049,7,30
31049,8,35
31049,9,44
31049,10,8
31049,11,4
31050,7,52
31050,8,64
31050,9,224
31050,10,86
31050,11,33
31068,7,118
31068,8,131
31068,9,182
31068,10,173
31068,11,84
31069,7,43
31069,8,58
31069,9,45
31069,10,49
31069,11,32
31070,7,52
31070,8,54
31070,9,91
31070,10,102
31070,11,52
31072,7,51
31072,8,53
31072,9,77
31072,10,91
31072,11,28
31073,7,39
31073,8,40
31073,9,53
31073,10,60
31073,11,33
31074,7,53
31074,8,54
31074,9,69
31074,10,75
31074,11,54
31075,7,46
31075,8,47
31075,9,59
31075,10,79
31075,11,42
31076,7,31
31076,8,29
31076,9,38
31076,10,51
31076,11,25
31101,7,23
31101,8,34
31101,9,48
31101,10,23
31101,11,13
31108,7,64
31108,8,72
31108,9,106
31108,10,85
31108,11,50
31109,7,48
31109,8,24
31109,9,41
31109,10,49
31109,11,32
31110,7,58
31110,8,33
31110,9,60
31110,10,72
31110,11,25
31111,7,48
31111,8,29
31111,9,45
31111,10,51
31111,11,31
31112,7,46
31112,8,21
31112,9,50
31112,10,44
31112,11,24
31121,7,108
31121,8,112
31121,9,148
31121,10,150
31121,11,98
31122,7,222
31122,8,228
31122,9,360
31122,10,263
31122,11,157
31123,7,200
31123,8,190
31123,9,258
31123,10,216
31123,11,129
31124,7,107
31124,8,101
31124,9,128
31124,10,145
31124,11,78
31125,7,51
31125,8,57
31125,9,90
31125,10,43
31125,11,40
31126,7,103
31126,8,102
31126,9,203
31126,10,117
31126,11,81
31127,7,126
31127,8,111
31127,9,197
31127,10,141
31127,11,111
31128,7,104
31128,8,85
31128,9,155
31128,10,118
31128,11,98
31129,7,59
31129,8,62
31129,9,71
31129,10,52
31129,11,28
31130,7,91
31130,8,101
31130,9,104
31130,10,87
31130,11,45
31131,7,80
31131,8,83
31131,9,62
31131,10,67
31131,11,36
31132,7,46
31132,8,41
31132,9,30
31132,10,41
31132,11,33
31141,7,71
31141,8,70
31141,9,83
31141,10,64
31141,11,42
31142,7,117
31142,8,117
31142,9,125
31142,10,124
31142,11,86
31143,7,74
31143,8,90
31143,9,91
31143,10,89
31143,11,51
31351,7,51
31351,8,97
31351,9,107
31351,10,119
31351,11,125
31353,7,35
31353,8,65
31353,9,98
31353,10,78
31353,11,57
31359,7,19
31359,8,36
31359,9,34
31359,10,34
31359,11,29
31361,7,75
31361,8,74
31361,9,87
31361,10,109
31361,11,116
31368,7,18
31368,8,16
31368,9,24
31368,10,24
31368,11,16
31375,7,38
31375,8,35
31375,9,51
31375,10,50
31375,11,33
31376,7,25
31376,8,23
31376,9,34
31376,10,33
31376,11,22
31379,7,30
31379,8,25
31379,9,53
31379,10,75
31379,11,29
31380,7,47
31380,8,66
31380,9,84
31380,10,71
31380,11,58
31381,7,40
31381,8,36
31381,9,55
31381,10,62
31381,11,41
31388,7,34
31388,8,47
31388,9,56
31388,10,39
31388,11,38
31389,7,37
31389,8,56
31389,9,138
31389,10,51
31389,11,40
31943,7,9
31943,8,3
31943,9,6
31943,10,0
31943,11,0
31944,7,16
31944,8,6
31944,9,12
31944,10,0
31944,11,0
31945,7,15
31945,8,6
31945,9,11
31945,10,0
31945,11,0
31946,7,10
31946,8,4
31946,9,7
31946,10,0
31946,11,0
32057,7,71
32057,8,55
32057,9,65
32057,10,44
32057,11,38
32058,7,80
32058,8,57
32058,9,73
32058,10,59
32058,11,46
32059,7,71
32059,8,42
32059,9,61
32059,10,45
32059,11,30
32077,7,62
32077,8,59
32077,9,72
32077,10,61
32077,11,37
32078,7,74
32078,8,65
32078,9,86
32078,10,70
32078,11,41
32079,7,59
32079,8,54
32079,9,83
32079,10,49
32079,11,29
32302,7,61
32302,8,53
32302,9,66
32302,10,56
32302,11,34
32303,7,78
32303,8,94
32303,9,125
32303,10,92
32303,11,68
32304,7,67
32304,8,83
32304,9,120
32304,10,92
32304,11,63
32305,7,50
32305,8,51
32305,9,56
32305,10,49
32305,11,42
32306,7,71
32306,8,76
32306,9,122
32306,10,93
32306,11,56
32307,7,117
32307,8,154
32307,9,223
32307,10,179
32307,11,103
32308,7,111
32308,8,149
32308,9,217
32308,10,165
32308,11,96
32309,7,65
32309,8,74
32309,9,105
32309,10,99
32309,11,52
32310,7,70
32310,8,54
32310,9,75
32310,10,62
32310,11,45
32311,7,107
32311,8,119
32311,9,165
32311,10,133
32311,11,76
32312,7,91
32312,8,100
32312,9,126
32312,10,111
32312,11,69
32313,7,53
32313,8,38
32313,9,58
32313,10,50
32313,11,39
32314,7,38
32314,8,48
32314,9,72
32314,10,71
32314,11,30
32315,7,79
32315,8,121
32315,9,151
32315,10,128
32315,11,70
32316,7,69
32316,8,100
32316,9,126
32316,10,114
32316,11,60
32317,7,52
32317,8,65
32317,9,66
32317,10,83
32317,11,44
32318,7,106
32318,8,80
32318,9,131
32318,10,105
32318,11,47
32319,7,139
32319,8,191
32319,9,292
32319,10,216
32319,11,102
32320,7,137
32320,8,144
32320,9,225
32320,10,187
32320,11,101
32321,7,78
32321,8,82
32321,9,111
32321,10,108
32321,11,89
32344,7,21
32344,8,18
32344,9,33
32344,10,18
32344,11,17
32345,7,31
32345,8,27
32345,9,50
32345,10,27
32345,11,26
32346,7,26
32346,8,24
32346,9,43
32346,10,23
32346,11,22
32347,7,20
32347,8,18
32347,9,33
32347,10,17
32347,11,17
32565,7,35
32565,8,11
32565,9,76
32565,10,152
32565,11,109
32566,7,113
32566,8,28
32566,9,148
32566,10,306
32566,11,239
32567,7,182
32567,8,23
32567,9,252
32567,10,389
32567,11,290
32568,7,126
32568,8,36
32568,9,176
32568,10,321
32568,11,246
32569,7,47
32569,8,12
32569,9,121
32569,10,222
32569,11,176
32575,7,26
32575,8,7
32575,9,41
32575,10,79
32575,11,62
32576,7,74
32576,8,11
32576,9,117
32576,10,228
32576,11,185
32577,7,91
32577,8,20
32577,9,143
32577,10,261
32577,11,212
32578,7,68
32578,8,13
32578,9,123
32578,10,207
32578,11,149
32579,7,42
32579,8,12
32579,9,65
32579,10,156
32579,11,85
32580,7,49
32580,8,15
32580,9,119
32580,10,231
32580,11,192
32581,7,196
32581,8,42
32581,9,245
32581,10,415
32581,11,374
32582,7,302
32582,8,204
32582,9,286
32582,10,569
32582,11,474
32583,7,196
32583,8,49
32583,9,292
32583,10,495
32583,11,406
32584,7,157
32584,8,38
32584,9,165
32584,10,331
32584,11,266
32585,7,8
32585,8,3
32585,9,35
32585,10,62
32585,11,65
32586,7,19
32586,8,5
32586,9,78
32586,10,170
32586,11,130
32587,7,20
32587,8,7
32587,9,84
32587,10,166
32587,11,133
32588,7,16
32588,8,6
32588,9,77
32588,10,157
32588,11,130
32589,7,14
32589,8,3
32589,9,36
32589,10,76
32589,11,71
32595,7,13
32595,8,1
32595,9,23
32595,10,53
32595,11,50
32596,7,29
32596,8,8
32596,9,77
32596,10,147
32596,11,93
32597,7,23
32597,8,3
32597,9,84
32597,10,202
32597,11,117
32598,7,22
32598,8,6
32598,9,76
32598,10,152
32598,11,98
32599,7,24
32599,8,7
32599,9,35
32599,10,83
32599,11,49
32901,7,230
32901,8,211
32901,9,265
32901,10,183
32901,11,81
32902,7,275
32902,8,311
32902,9,398
32902,10,356
32902,11,161
32903,7,242
32903,8,300
32903,9,378
32903,10,308
32903,11,135
32904,7,225
32904,8,208
32904,9,265
32904,10,190
32904,11,51
32905,7,211
32905,8,187
32905,9,248
32905,10,155
32905,11,38
32906,7,234
32906,8,256
32906,9,358
32906,10,275
32906,11,118
32907,7,229
32907,8,253
32907,9,348
32907,10,270
32907,11,100
32908,7,214
32908,8,191
32908,9,263
32908,10,159
32908,11,28
33102,7,15
33102,8,15
33102,9,17
33102,10,12
33102,11,10
33103,7,27
33103,8,27
33103,9,30
33103,10,21
33103,11,17
33104,7,23
33104,8,23
33104,9,26
33104,10,18
33104,11,15
33114,7,13
33114,8,13
33114,9,15
33114,10,10
33114,11,8
33115,7,20
33115,8,20
33115,9,22
33115,10,16
33115,11,13
33116,7,18
33116,8,18
33116,9,21
33116,10,14
33116,11,12
33157,7,57
33157,8,59
33157,9,81
33157,10,136
33157,11,58
33158,7,50
33158,8,51
33158,9,71
33158,10,118
33158,11,51
33216,7,101
33216,8,104
33216,9,144
33216,10,242
33216,11,103
33217,7,75
33217,8,78
33217,9,107
33217,10,179
33217,11,77
33534,7,9
33534,8,17
33534,9,18
33534,10,20
33534,11,11
33535,7,7
33535,8,14
33535,9,15
33535,10,16
33535,11,9
33538,7,21
33538,8,39
33538,9,41
33538,10,44
33538,11,25
33539,7,16
33539,8,30
33539,9,31
33539,10,34
33539,11,19
33577,7,26
33577,8,24
33577,9,35
33577,10,35
33577,11,23
33578,7,26
33578,8,24
33578,9,35
33578,10,34
33578,11,23
33579,7,21
33579,8,19
33579,9,28
33579,10,28
33579,11,19
33628,7,67
33628,8,137
33628,9,74
33628,10,73
33628,11,30
33629,7,82
33629,8,165
33629,9,149
33629,10,97
33629,11,34
33630,7,79
33630,8,164
33630,9,135
33630,10,99
33630,11,38
33631,7,65
33631,8,135
33631,9,101
33631,10,77
33631,11,33
33632,7,107
33632,8,115
33632,9,101
33632,10,135
33632,11,43
33633,7,120
33633,8,182
33633,9,223
33633,10,154
33633,11,73
33634,7,119
33634,8,173
33634,9,216
33634,10,168
33634,11,71
33635,7,111
33635,8,119
33635,9,135
33635,10,135
33635,11,47
33719,7,19
33719,8,35
33719,9,37
33719,10,40
33719,11,23
33720,7,9
33720,8,17
33720,9,18
33720,10,19
33720,11,11
33740,7,185
33740,8,154
33740,9,190
33740,10,150
33740,11,32
33741,7,229
33741,8,234
33741,9,318
33741,10,244
33741,11,90
33742,7,227
33742,8,228
33742,9,307
33742,10,223
33742,11,67
33743,7,189
33743,8,168
33743,9,185
33743,10,130
33743,11,24
34028,7,12
34028,8,11
34028,9,27
34028,10,26
34028,11,20
34029,7,14
34029,8,13
34029,9,32
34029,10,31
34029,11,23
34030,7,10
34030,8,10
34030,9,24
34030,10,23
34030,11,18
34036,7,5
34036,8,3
34036,9,17
34036,10,19
34036,11,15
34037,7,6
34037,8,4
34037,9,20
34037,10,24
34037,11,18
34038,7,8
34038,8,6
34038,9,29
34038,10,34
34038,11,26
34039,7,2
34039,8,2
34039,9,8
34039,10,9
34039,11,7
34040,7,6
34040,8,4
34040,9,22
34040,10,26
34040,11,20
34041,7,8
34041,8,6
34041,9,29
34041,10,34
34041,11,26
34042,7,7
34042,8,5
34042,9,25
34042,10,29
34042,11,23
34043,7,3
34043,8,2
34043,9,11
34043,10,12
34043,11,10
34074,7,5
34074,8,0
34074,9,11
34074,10,33
34074,11,33
34075,7,4
34075,8,0
34075,9,20
34075,10,45
34075,11,54
34076,7,4
34076,8,1
34076,9,24
34076,10,47
34076,11,38
34077,7,1
34077,8,0
34077,9,24
34077,10,47
34077,11,29
34078,7,2
34078,8,1
34078,9,24
34078,10,44
34078,11,38
34079,7,5
34079,8,0
34079,9,20
34079,10,47
34079,11,65
34080,7,4
34080,8,1
34080,9,31
34080,10,47
34080,11,46
34081,7,6
34081,8,1
34081,9,32
34081,10,43
34081,11,28
34082,7,1
34082,8,0
34082,9,28
34082,10,51
34082,11,36
34083,7,4
34083,8,0
34083,9,30
34083,10,51
34083,11,27
34084,7,1
34084,8,0
34084,9,77
34084,10,82
34084,11,19
34085,7,1
34085,8,0
34085,9,77
34085,10,68
34085,11,15
34124,7,11
34124,8,11
34124,9,13
34124,10,9
34124,11,7
34125,7,20
34125,8,20
34125,9,22
34125,10,15
34125,11,12
34126,7,18
34126,8,18
34126,9,20
34126,10,14
34126,11,11
34136,7,12
34136,8,12
34136,9,14
34136,10,10
34136,11,8
34137,7,18
34137,8,18
34137,9,20
34137,10,14
34137,11,11
34138,7,17
34138,8,17
34138,9,19
34138,10,13
34138,11,10
34140,7,63
34140,8,84
34140,9,42
34140,10,42
34140,11,20
34141,7,57
34141,8,85
34141,9,93
34141,10,47
34141,11,30
34142,7,73
34142,8,84
34142,9,95
34142,10,67
34142,11,32
34143,7,47
34143,8,72
34143,9,77
34143,10,52
34143,11,18
34147,7,166
34147,8,256
34147,9,268
34147,10,327
34147,11,169
34148,7,120
34148,8,211
34148,9,203
34148,10,275
34148,11,137
34149,7,50
34149,8,69
34149,9,95
34149,10,83
34149,11,54
34159,7,74
34159,8,80
34159,9,99
34159,10,60
34159,11,47
34160,7,73
34160,8,76
34160,9,87
34160,10,48
34160,11,47
34161,7,53
34161,8,56
34161,9,75
34161,10,56
34161,11,35
34163,7,45
34163,8,62
34163,9,90
34163,10,70
34163,11,35
34164,7,42
34164,8,52
34164,9,77
34164,10,71
34164,11,31
34165,7,38
34165,8,48
34165,9,43
34165,10,53
34165,11,32
34167,7,42
34167,8,62
34167,9,99
34167,10,39
34167,11,41
34168,7,37
34168,8,59
34168,9,78
34168,10,38
34168,11,36
34169,7,42
34169,8,50
34169,9,54
34169,10,26
34169,11,32
34171,7,121
34171,8,136
34171,9,220
34171,10,166
34171,11,105
34172,7,92
34172,8,114
34172,9,162
34172,10,126
34172,11,94
34173,7,62
34173,8,105
34173,9,117
34173,10,113
34173,11,72
34280,7,200
34280,8,199
34280,9,253
34280,10,237
34280,11,132
34281,7,321
34281,8,310
34281,9,454
34281,10,431
34281,11,207
34282,7,244
34282,8,309
34282,9,394
34282,10,362
34282,11,178
34283,7,116
34283,8,130
34283,9,147
34283,10,173
34283,11,58
34284,7,136
34284,8,161
34284,9,242
34284,10,198
34284,11,77
34285,7,219
34285,8,277
34285,9,397
34285,10,355
34285,11,154
34286,7,171
34286,8,226
34286,9,294
34286,10,218
34286,11,116
34337,7,45
34337,8,43
34337,9,53
34337,10,30
34337,11,27
34338,7,71
34338,8,80
34338,9,138
34338,10,69
34338,11,56
34339,7,75
34339,8,89
34339,9,153
34339,10,72
34339,11,63
34340,7,55
34340,8,63
34340,9,97
34340,10,65
34340,11,35
34343,7,38
34343,8,47
34343,9,52
34343,10,45
34343,11,24
34397,7,7
34397,8,8
34397,9,19
34397,10,14
34397,11,13
34398,7,10
34398,8,10
34398,9,25
34398,10,18
34398,11,17
34399,7,10
34399,8,11
34399,9,28
34399,10,20
34399,11,18
34400,7,7
34400,8,8
34400,9,19
34400,10,14
34400,11,13
34412,7,10
34412,8,11
34412,9,28
34412,10,20
34412,11,18
34413,7,11
34413,8,12
34413,9,29
34413,10,21
34413,11,19
34414,7,10
34414,8,11
34414,9,27
34414,10,19
34414,11,18
34415,7,7
34415,8,8
34415,9,20
34415,10,14
34415,11,13
34444,7,10
34444,8,10
34444,9,24
34444,10,23
34444,11,17
34445,7,13
34445,8,13
34445,9,31
34445,10,30
34445,11,23
34446,7,11
34446,8,10
34446,9,25
34446,10,24
34446,11,18
34459,7,13
34459,8,9
34459,9,20
34459,10,36
34459,11,14
34460,7,18
34460,8,10
34460,9,39
34460,10,75
34460,11,37
34461,7,18
34461,8,10
34461,9,38
34461,10,70
34461,11,43
34462,7,12
34462,8,8
34462,9,16
34462,10,32
34462,11,26
34463,7,6
34463,8,3
34463,9,18
34463,10,26
34463,11,21
34464,7,12
34464,8,8
34464,9,27
34464,10,48
34464,11,25
34465,7,11
34465,8,5
34465,9,17
34465,10,46
34465,11,24
34466,7,10
34466,8,3
34466,9,16
34466,10,28
34466,11,17
34691,7,2
34691,8,2
34691,9,6
34691,10,5
34691,11,4
34692,7,2
34692,8,2
34692,9,6
34692,10,5
34692,11,4
34693,7,2
34693,8,2
34693,9,5
34693,10,5
34693,11,3
34699,7,1
34699,8,1
34699,9,3
34699,10,3
34699,11,2
34700,7,3
34700,8,3
34700,9,7
34700,10,7
34700,11,5
34701,7,3
34701,8,3
34701,9,7
34701,10,7
34701,11,5
34702,7,3
34702,8,2
34702,9,6
34702,10,6
34702,11,4
34703,7,1
34703,8,1
34703,9,3
34703,10,3
34703,11,2
34705,7,2
34705,8,2
34705,9,5
34705,10,5
34705,11,4
34706,7,2
34706,8,2
34706,9,5
34706,10,5
34706,11,3
34707,7,2
34707,8,2
34707,9,4
34707,10,4
34707,11,3
34710,7,2
34710,8,2
34710,9,5
34710,10,5
34710,11,4
34711,7,3
34711,8,3
34711,9,7
34711,10,6
34711,11,5
34712,7,2
34712,8,2
34712,9,6
34712,10,5
34712,11,4
34723,7,4
34723,8,4
34723,9,9
34723,10,9
34723,11,7
34724,7,5
34724,8,4
34724,9,10
34724,10,10
34724,11,8
34725,7,4
34725,8,4
34725,9,9
34725,10,9
34725,11,7
34734,7,2
34734,8,3
34734,9,3
34734,10,3
34734,11,2
34735,7,2
34735,8,3
34735,9,4
34735,10,4
34735,11,3
34736,7,6
34736,8,9
34736,9,13
34736,10,11
34736,11,7
34737,7,7
34737,8,10
34737,9,13
34737,10,11
34737,11,8
34738,7,8
34738,8,12
34738,9,16
34738,10,13
34738,11,9
34739,7,9
34739,8,13
34739,9,17
34739,10,15
34739,11,10
34740,7,9
34740,8,13
34740,9,17
34740,10,15
34740,11,10
34773,7,38
34773,8,5
34773,9,19
34773,10,11
34773,11,3
34774,7,33
34774,8,4
34774,9,27
34774,10,27
34774,11,3
34775,7,38
34775,8,4
34775,9,20
34775,10,13
34775,11,1
34776,7,15
34776,8,0
34776,9,11
34776,10,11
34776,11,1
34777,7,23
34777,8,2
34777,9,19
34777,10,12
34777,11,2
34778,7,18
34778,8,1
34778,9,11
34778,10,10
34778,11,2
34779,7,10
34779,8,0
34779,9,10
34779,10,9
34779,11,1
34780,7,21
34780,8,0
34780,9,12
34780,10,10
34780,11,2
34781,7,13
34781,8,0
34781,9,10
34781,10,6
34781,11,1
34782,7,23
34782,8,0
34782,9,14
34782,10,10
34782,11,2
34783,7,41
34783,8,3
34783,9,19
34783,10,10
34783,11,2
34784,7,26
34784,8,3
34784,9,19
34784,10,10
34784,11,3
34810,7,50
34810,8,16
34810,9,10
34810,10,3
34810,11,4
34811,7,39
34811,8,11
34811,9,15
34811,10,4
34811,11,5
34812,7,49
34812,8,15
34812,9,16
34812,10,6
34812,11,3
34816,7,34
34816,8,11
34816,9,14
34816,10,6
34816,11,2
34817,7,39
34817,8,10
34817,9,19
34817,10,6
34817,11,1
34818,7,42
34818,8,10
34818,9,16
34818,10,7
34818,11,3
34828,7,12
34828,8,1
34828,9,2
34828,10,2
34828,11,0
34829,7,21
34829,8,8
34829,9,7
34829,10,1
34829,11,0
34830,7,17
34830,8,7
34830,9,7
34830,10,3
34830,11,0
34831,7,6
34831,8,2
34831,9,2
34831,10,1
34831,11,0
34836,7,10
34836,8,1
34836,9,1
34836,10,1
34836,11,0
34837,7,15
34837,8,4
34837,9,8
34837,10,3
34837,11,0
34838,7,14
34838,8,3
34838,9,6
34838,10,2
34838,11,0
34839,7,5
34839,8,1
34839,9,1
34839,10,1
34839,11,0
35019,7,22
35019,8,6
35019,9,10
35019,10,1
35019,11,0
35020,7,32
35020,8,11
35020,9,5
35020,10,4
35020,11,8
35021,7,24
35021,8,6
35021,9,11
35021,10,1
35021,11,0
35022,7,26
35022,8,12
35022,9,5
35022,10,0
35022,11,13
35023,7,43
35023,8,14
35023,9,12
35023,10,6
35023,11,5
35024,7,31
35024,8,12
35024,9,12
35024,10,1
35024,11,3
35025,7,23
35025,8,5
35025,9,12
35025,10,4
35025,11,2
35026,7,29
35026,8,10
35026,9,12
35026,10,0
35026,11,1
35027,7,23
35027,8,11
35027,9,11
35027,10,1
35027,11,1
35028,7,10
35028,8,2
35028,9,7
35028,10,5
35028,11,0
35029,7,26
35029,8,6
35029,9,12
35029,10,2
35029,11,2
35030,7,22
35030,8,6
35030,9,10
35030,10,0
35030,11,0
35204,7,48
35204,8,4
35204,9,20
35204,10,14
35204,11,0
35205,7,31
35205,8,3
35205,9,20
35205,10,16
35205,11,1
35206,7,45
35206,8,2
35206,9,18
35206,10,12
35206,11,0
35208,7,37
35208,8,3
35208,9,18
35208,10,14
35208,11,1
35209,7,34
35209,8,4
35209,9,24
35209,10,19
35209,11,2
35210,7,42
35210,8,1
35210,9,18
35210,10,13
35210,11,0
35220,7,34
35220,8,3
35220,9,17
35220,10,11
35220,11,1
35221,7,131
35221,8,40
35221,9,11
35221,10,25
35221,11,10
35222,7,73
35222,8,9
35222,9,21
35222,10,7
35222,11,3
35223,7,22
35223,8,2
35223,9,12
35223,10,10
35223,11,2
35224,7,34
35224,8,6
35224,9,15
35224,10,5
35224,11,0
35225,7,81
35225,8,18
35225,9,21
35225,10,6
35225,11,2
35226,7,57
35226,8,6
35226,9,21
35226,10,9
35226,11,2
35227,7,25
35227,8,1
35227,9,13
35227,10,10
35227,11,0
35232,7,2
35232,8,0
35232,9,0
35232,10,1
35232,11,0
35233,7,10
35233,8,0
35233,9,9
35233,10,5
35233,11,0
35234,7,9
35234,8,0
35234,9,9
35234,10,6
35234,11,1
35235,7,2
35235,8,0
35235,9,0
35235,10,3
35235,11,0
35236,7,9
35236,8,0
35236,9,6
35236,10,2
35236,11,0
35237,7,15
35237,8,0
35237,9,11
35237,10,7
35237,11,1
35238,7,15
35238,8,0
35238,9,11
35238,10,6
35238,11,1
35239,7,2
35239,8,0
35239,9,3
35239,10,8
35239,11,1
35252,7,10
35252,8,0
35252,9,9
35252,10,5
35252,11,0
35253,7,40
35253,8,3
35253,9,21
35253,10,13
35253,11,2
35254,7,34
35254,8,1
35254,9,20
35254,10,13
35254,11,0
35255,7,41
35255,8,7
35255,9,15
35255,10,4
35255,11,2
35256,7,14
35256,8,1
35256,9,11
35256,10,5
35256,11,0
35257,7,34
35257,8,6
35257,9,16
35257,10,5
35257,11,0
35258,7,33
35258,8,1
35258,9,15
35258,10,11
35258,11,7
35259,7,40
35259,8,1
35259,9,16
35259,10,14
35259,11,0
35268,7,28
35268,8,6
35268,9,10
35268,10,0
35268,11,0
35269,7,114
35269,8,30
35269,9,20
35269,10,7
35269,11,2
35270,7,120
35270,8,43
35270,9,15
35270,10,8
35270,11,10
35271,7,112
35271,8,27
35271,9,22
35271,10,3
35271,11,0
35276,7,14
35276,8,0
35276,9,11
35276,10,5
35276,11,1
35277,7,40
35277,8,1
35277,9,19
35277,10,12
35277,11,1
35278,7,36
35278,8,2
35278,9,17
35278,10,10
35278,11,1
35279,7,36
35279,8,1
35279,9,19
35279,10,12
35279,11,0
35285,7,18
35285,8,1
35285,9,12
35285,10,7
35285,11,3
35286,7,37
35286,8,3
35286,9,17
35286,10,10
35286,11,1
35287,7,34
35287,8,0
35287,9,16
35287,10,10
35287,11,1
35288,7,40
35288,8,4
35288,9,19
35288,10,10
35288,11,4
35290,7,32
35290,8,6
35290,9,11
35290,10,3
35290,11,0
35291,7,114
35291,8,23
35291,9,18
35291,10,22
35291,11,0
35292,7,82
35292,8,19
35292,9,23
35292,10,1
35292,11,0
35293,7,42
35293,8,8
35293,9,16
35293,10,6
35293,11,0
35305,7,52
35305,8,16
35305,9,11
35305,10,7
35305,11,1
35306,7,80
35306,8,24
35306,9,25
35306,10,3
35306,11,0
35307,7,135
35307,8,47
35307,9,16
35307,10,27
35307,11,4
35308,7,89
35308,8,34
35308,9,22
35308,10,5
35308,11,0
35309,7,59
35309,8,25
35309,9,15
35309,10,1
35309,11,5
35315,7,17
35315,8,3
35315,9,15
35315,10,7
35315,11,2
35316,7,60
35316,8,23
35316,9,14
35316,10,4
35316,11,4
35317,7,59
35317,8,23
35317,9,15
35317,10,4
35317,11,3
35318,7,57
35318,8,21
35318,9,12
35318,10,7
35318,11,4
35319,7,28
35319,8,8
35319,9,16
35319,10,2
35319,11,2
35328,7,38
35328,8,5
35328,9,18
35328,10,13
35328,11,2
35329,7,132
35329,8,45
35329,9,13
35329,10,27
35329,11,11
35330,7,68
35330,8,14
35330,9,25
35330,10,5
35330,11,2
35331,7,23
35331,8,1
35331,9,12
35331,10,11
35331,11,2
35332,7,36
35332,8,3
35332,9,19
35332,10,11
35332,11,3
35333,7,36
35333,8,4
35333,9,19
35333,10,13
35333,11,5
35334,7,37
35334,8,1
35334,9,17
35334,10,13
35334,11,0
35335,7,12
35335,8,1
35335,9,10
35335,10,5
35335,11,0
35340,7,41
35340,8,3
35340,9,15
35340,10,11
35340,11,2
35341,7,200
35341,8,47
35341,9,22
35341,10,0
35341,11,28
35342,7,209
35342,8,52
35342,9,19
35342,10,0
35342,11,26
35343,7,158
35343,8,53
35343,9,26
35343,10,7
35343,11,11
35348,7,36
35348,8,8
35348,9,14
35348,10,3
35348,11,0
35349,7,185
35349,8,43
35349,9,56
35349,10,14
35349,11,0
35350,7,193
35350,8,50
35350,9,41
35350,10,0
35350,11,3
35351,7,143
35351,8,49
35351,9,26
35351,10,15
35351,11,11
35352,7,19
35352,8,7
35352,9,11
35352,10,2
35352,11,0
35353,7,90
35353,8,24
35353,9,20
35353,10,5
35353,11,0
35354,7,126
35354,8,44
35354,9,15
35354,10,26
35354,11,13
35355,7,41
35355,8,7
35355,9,16
35355,10,6
35355,11,1
35360,7,25
35360,8,3
35360,9,14
35360,10,10
35360,11,2
35361,7,135
35361,8,44
35361,9,12
35361,10,34
35361,11,19
35362,7,140
35362,8,45
35362,9,17
35362,10,29
35362,11,8
35363,7,40
35363,8,0
35363,9,13
35363,10,10
35363,11,8
35376,7,36
35376,8,4
35376,9,12
35376,10,11
35376,11,2
35377,7,51
35377,8,8
35377,9,10
35377,10,5
35377,11,5
35378,7,39
35378,8,5
35378,9,18
35378,10,13
35378,11,2
35380,7,14
35380,8,1
35380,9,11
35380,10,5
35380,11,1
35381,7,41
35381,8,6
35381,9,13
35381,10,4
35381,11,1
35382,7,39
35382,8,5
35382,9,17
35382,10,11
35382,11,2
35392,7,20
35392,8,1
35392,9,12
35392,10,8
35392,11,1
35393,7,31
35393,8,3
35393,9,16
35393,10,11
35393,11,3
35394,7,34
35394,8,1
35394,9,15
35394,10,8
35394,11,4
35395,7,26
35395,8,2
35395,9,14
35395,10,10
35395,11,2
35396,7,18
35396,8,2
35396,9,11
35396,10,7
35396,11,1
35397,7,39
35397,8,6
35397,9,17
35397,10,6
35397,11,0
35398,7,35
35398,8,1
35398,9,18
35398,10,13
35398,11,0
35399,7,22
35399,8,2
35399,9,12
35399,10,10
35399,11,1
35428,7,15
35428,8,0
35428,9,11
35428,10,6
35428,11,1
35429,7,40
35429,8,4
35429,9,19
35429,10,13
35429,11,1
35430,7,28
35430,8,4
35430,9,19
35430,10,11
35430,11,4
35431,7,7
35431,8,0
35431,9,10
35431,10,9
35431,11,0
35436,7,25
35436,8,3
35436,9,15
35436,10,11
35436,11,2
35437,7,30
35437,8,4
35437,9,38
35437,10,16
35437,11,4
35438,7,36
35438,8,0
35438,9,13
35438,10,10
35438,11,6
35439,7,18
35439,8,0
35439,9,12
35439,10,7
35439,11,2
35471,7,0
35471,8,0
35471,9,0
35471,10,0
35471,11,0
35472,7,2
35472,8,0
35472,9,0
35472,10,0
35472,11,0
35473,7,0
35473,8,0
35473,9,0
35473,10,0
35473,11,0
35476,7,0
35476,8,0
35476,9,0
35476,10,0
35476,11,0
35477,7,3
35477,8,0
35477,9,2
35477,10,0
35477,11,0
35478,7,0
35478,8,0
35478,9,0
35478,10,0
35478,11,0
35481,7,0
35481,8,0
35481,9,0
35481,10,0
35481,11,0
35482,7,1
35482,8,0
35482,9,0
35482,10,0
35482,11,0
35486,7,0
35486,8,0
35486,9,0
35486,10,1
35486,11,5
35504,7,2
35504,8,0
35504,9,0
35504,10,0
35504,11,0
35505,7,5
35505,8,0
35505,9,0
35505,10,0
35505,11,0
35508,7,5
35508,8,0
35508,9,0
35508,10,0
35508,11,0
35509,7,3
35509,8,1
35509,9,0
35509,10,0
35509,11,0
35510,7,4
35510,8,0
35510,9,0
35510,10,0
35510,11,0
35512,7,5
35512,8,0
35512,9,0
35512,10,0
35512,11,0
35513,7,6
35513,8,2
35513,9,0
35513,10,0
35513,11,0
35515,7,2
35515,8,0
35515,9,0
35515,10,0
35515,11,0
35531,7,2
35531,8,0
35531,9,0
35531,10,0
35531,11,0
35532,7,2
35532,8,0
35532,9,0
35532,10,0
35532,11,0
35535,7,2
35535,8,0
35535,9,0
35535,10,0
35535,11,0
35536,7,4
35536,8,1
35536,9,1
35536,10,1
35536,11,0
35538,7,2
35538,8,0
35538,9,0
35538,10,0
35538,11,0
35539,7,5
35539,8,0
35539,9,0
35539,10,0
35539,11,0
36066,7,13
36066,8,1
36066,9,1
36066,10,1
36066,11,0
36067,7,12
36067,8,0
36067,9,0
36067,10,0
36067,11,0
36129,7,11
36129,8,0
36129,9,0
36129,10,0
36129,11,0
36130,7,11
36130,8,0
36130,9,1
36130,10,2
36130,11,0
36131,7,9
36131,8,0
36131,9,0
36131,10,0
36131,11,0
36132,7,11
36132,8,0
36132,9,0
36132,10,0
36132,11,0
36141,7,10
36141,8,0
36141,9,2
36141,10,3
36141,11,0
36142,7,26
36142,8,7
36142,9,6
36142,10,0
36142,11,1
36143,7,25
36143,8,7
36143,9,4
36143,10,0
36143,11,1
36144,7,10
36144,8,0
36144,9,1
36144,10,2
36144,11,0
36587,7,6
36587,8,7
36587,9,10
36587,10,9
36587,11,6
36588,7,9
36588,8,10
36588,9,14
36588,10,14
36588,11,9
36589,7,7
36589,8,9
36589,9,12
36589,10,12
36589,11,8
36590,7,4
36590,8,5
36590,9,7
36590,10,7
36590,11,4
36655,7,5
36655,8,0
36655,9,0
36655,10,0
36655,11,0
36656,7,4
36656,8,0
36656,9,0
36656,10,0
36656,11,0
36659,7,3
36659,8,1
36659,9,0
36659,10,0
36659,11,0
36660,7,3
36660,8,1
36660,9,0
36660,10,0
36660,11,0
36662,7,3
36662,8,0
36662,9,0
36662,10,0
36662,11,0
36663,7,3
36663,8,1
36663,9,0
36663,10,0
36663,11,0
36673,7,7
36673,8,6
36673,9,9
36673,10,11
36673,11,5
36674,7,10
36674,8,9
36674,9,13
36674,10,16
36674,11,8
36675,7,8
36675,8,8
36675,9,11
36675,10,13
36675,11,6
36676,7,4
36676,8,4
36676,9,6
36676,10,7
36676,11,3
36704,7,3
36704,8,2
36704,9,9
36704,10,11
36704,11,9
36705,7,5
36705,8,4
36705,9,18
36705,10,21
36705,11,16
36706,7,3
36706,8,2
36706,9,11
36706,10,13
36706,11,10
36716,7,2
36716,8,2
36716,9,8
36716,10,9
36716,11,7
36717,7,5
36717,8,4
36717,9,18
36717,10,21
36717,11,16
36718,7,4
36718,8,3
36718,9,13
36718,10,16
36718,11,12
36728,7,1
36728,8,1
36728,9,1
36728,10,1
36728,11,1
36730,7,1
36730,8,2
36730,9,3
36730,10,2
36730,11,2
36731,7,2
36731,8,3
36731,9,4
36731,10,3
36731,11,2
36732,7,1
36732,8,2
36732,9,2
36732,10,2
36732,11,1
36734,7,2
36734,8,4
36734,9,5
36734,10,4
36734,11,3
36735,7,2
36735,8,4
36735,9,5
36735,10,4
36735,11,3
36736,7,1
36736,8,2
36736,9,3
36736,10,2
36736,11,2
36738,7,2
36738,8,4
36738,9,5
36738,10,4
36738,11,3
36739,7,2
36739,8,4
36739,9,5
36739,10,4
36739,11,3
36740,7,1
36740,8,1
36740,9,2
36740,10,2
36740,11,1
36741,7,2
36741,8,3
36741,9,4
36741,10,3
36741,11,2
36764,7,2
36764,8,4
36764,9,0
36764,10,0
36764,11,0
36767,7,0
36767,8,0
36767,9,0
36767,10,0
36767,11,0
36768,7,1
36768,8,0
36768,9,0
36768,10,0
36768,11,0
36769,7,5
36769,8,0
36769,9,0
36769,10,0
36769,11,0
36779,7,1
36779,8,1
36779,9,1
36779,10,1
36779,11,1
36922,7,8
36922,8,0
36922,9,0
36922,10,0
36922,11,0
36923,7,11
36923,8,0
36923,9,0
36923,10,0
36923,11,0
36924,7,10
36924,8,0
36924,9,0
36924,10,0
36924,11,0
36932,7,6
36932,8,0
36932,9,0
36932,10,0
36932,11,0
36933,7,9
36933,8,0
36933,9,0
36933,10,0
36933,11,0
36934,7,7
36934,8,0
36934,9,0
36934,10,0
36934,11,0
36935,7,2
36935,8,0
36935,9,0
36935,10,0
36935,11,0
36941,7,1
36941,8,0
36941,9,0
36941,10,0
36941,11,0
36942,7,0
36942,8,0
36942,9,0
36942,10,0
36942,11,0
36943,7,2
36943,8,0
36943,9,0
36943,10,0
36943,11,0
36944,7,3
36944,8,0
36944,9,0
36944,10,0
36944,11,0
36946,7,4
36946,8,0
36946,9,0
36946,10,0
36946,11,0
36947,7,1
36947,8,0
36947,9,0
36947,10,0
36947,11,0
36948,7,1
36948,8,0
36948,9,0
36948,10,0
36948,11,0
36949,7,4
36949,8,0
36949,9,0
36949,10,0
36949,11,0
4023,7,23
4023,8,56
4023,9,71
4023,10,58
4023,11,51
4024,7,58
4024,8,104
4024,9,118
4024,10,90
4024,11,86
4025,7,55
4025,8,108
4025,9,131
4025,10,91
4025,11,89
4026,7,56
4026,8,117
4026,9,113
4026,10,93
4026,11,96
4027,7,88
4027,8,203
4027,9,193
4027,10,171
4027,11,170
4028,7,73
4028,8,172
4028,9,201
4028,10,158
4028,11,156
4106,7,87
4106,8,71
4106,9,148
4106,10,136
4106,11,106
4107,7,157
4107,8,164
4107,9,248
4107,10,272
4107,11,196
4108,7,147
4108,8,145
4108,9,273
4108,10,290
4108,11,207
4109,7,105
4109,8,89
4109,9,125
4109,10,180
4109,11,134
4124,7,233
4124,8,197
4124,9,318
4124,10,322
4124,11,172
4125,7,441
4125,8,383
4125,9,535
4125,10,556
4125,11,323
4126,7,394
4126,8,285
4126,9,458
4126,10,522
4126,11,338
4127,7,238
4127,8,160
4127,9,273
4127,10,308
4127,11,201
4128,7,265
4128,8,213
4128,9,353
4128,10,388
4128,11,211
4129,7,512
4129,8,477
4129,9,685
4129,10,728
4129,11,449
4130,7,503
4130,8,384
4130,9,588
4130,10,686
4130,11,422
4131,7,292
4131,8,213
4131,9,315
4131,10,399
4131,11,272
4138,7,157
4138,8,98
4138,9,225
4138,10,255
4138,11,111
4139,7,282
4139,8,203
4139,9,321
4139,10,392
4139,11,194
4140,7,254
4140,8,174
4140,9,295
4140,10,350
4140,11,184
4141,7,160
4141,8,89
4141,9,173
4141,10,241
4141,11,140
5851,7,239
5851,8,264
5851,9,331
5851,10,364
5851,11,162
5852,7,376
5852,8,374
5852,9,454
5852,10,574
5852,11,319
5853,7,312
5853,8,381
5853,9,369
5853,10,441
5853,11,205
5854,7,67
5854,8,102
5854,9,66
5854,10,95
5854,11,57
5855,7,79
5855,8,159
5855,9,129
5855,10,131
5855,11,75
5856,7,72
5856,8,123
5856,9,117
5856,10,107
5856,11,60
6442,7,173
6442,8,126
6442,9,264
6442,10,236
6442,11,194
6443,7,658
6443,8,749
6443,9,860
6443,10,1001
6443,11,628
6444,7,699
6444,8,799
6444,9,948
6444,10,1056
6444,11,631
6445,7,413
6445,8,449
6445,9,578
6445,10,642
6445,11,456
6474,7,160
6474,8,117
6474,9,166
6474,10,217
6474,11,147
6475,7,598
6475,8,598
6475,9,774
6475,10,912
6475,11,465
6476,7,682
6476,8,678
6476,9,810
6476,10,960
6476,11,524
6477,7,404
6477,8,400
6477,9,475
6477,10,543
6477,11,386
6482,7,115
6482,8,49
6482,9,89
6482,10,106
6482,11,73
6483,7,258
6483,8,182
6483,9,280
6483,10,303
6483,11,248
6484,7,287
6484,8,198
6484,9,313
6484,10,352
6484,11,252
6485,7,181
6485,8,109
6485,9,184
6485,10,244
6485,11,170
6499,7,135
6499,8,82
6499,9,118
6499,10,160
6499,11,136
6500,7,439
6500,8,401
6500,9,472
6500,10,565
6500,11,424
6501,7,465
6501,8,429
6501,9,586
6501,10,644
6501,11,414
6502,7,316
6502,8,299
6502,9,392
6502,10,437
6502,11,333
6708,7,19
6708,8,22
6708,9,31
6708,10,31
6708,11,20
6709,7,44
6709,8,51
6709,9,72
6709,10,71
6709,11,46
6710,7,46
6710,8,53
6710,9,74
6710,10,73
6710,11,47
6711,7,38
6711,8,44
6711,9,62
6711,10,61
6711,11,39
6734,7,63
6734,8,76
6734,9,102
6734,10,109
6734,11,78
6735,7,45
6735,8,68
6735,9,99
6735,10,88
6735,11,77
6736,7,36
6736,8,49
6736,9,83
6736,10,60
6736,11,48
6743,7,75
6743,8,108
6743,9,113
6743,10,133
6743,11,91
6744,7,156
6744,8,184
6744,9,257
6744,10,269
6744,11,176
6745,7,132
6745,8,168
6745,9,264
6745,10,235
6745,11,185
6746,7,72
6746,8,103
6746,9,165
6746,10,158
6746,11,88
6747,7,34
6747,8,48
6747,9,52
6747,10,54
6747,11,46
6766,7,32
6766,8,37
6766,9,52
6766,10,52
6766,11,33
6767,7,72
6767,8,83
6767,9,116
6767,10,115
6767,11,74
6768,7,76
6768,8,87
6768,9,122
6768,10,121
6768,11,78
6769,7,54
6769,8,62
6769,9,86
6769,10,85
6769,11,55
6823,7,44
6823,8,63
6823,9,67
6823,10,100
6823,11,84
6824,7,47
6824,8,77
6824,9,64
6824,10,123
6824,11,93
6825,7,31
6825,8,62
6825,9,64
6825,10,76
6825,11,77
6827,7,28
6827,8,58
6827,9,51
6827,10,51
6827,11,56
6828,7,34
6828,8,59
6828,9,42
6828,10,54
6828,11,59
6829,7,20
6829,8,46
6829,9,56
6829,10,60
6829,11,60
6869,7,185
6869,8,233
6869,9,332
6869,10,327
6869,11,291
6870,7,379
6870,8,601
6870,9,686
6870,10,707
6870,11,501
6871,7,370
6871,8,595
6871,9,657
6871,10,691
6871,11,596
6872,7,259
6872,8,347
6872,9,409
6872,10,472
6872,11,292
6873,7,54
6873,8,48
6873,9,50
6873,10,54
6873,11,45
6874,7,75
6874,8,103
6874,9,111
6874,10,102
6874,11,62
6875,7,89
6875,8,113
6875,9,147
6875,10,118
6875,11,77
6876,7,81
6876,8,88
6876,9,111
6876,10,94
6876,11,93
7024,7,58
7024,8,33
7024,9,86
7024,10,75
7024,11,40
7025,7,132
7025,8,135
7025,9,140
7025,10,129
7025,11,97
7026,7,113
7026,8,66
7026,9,125
7026,10,119
7026,11,61
7027,7,100
7027,8,80
7027,9,100
7027,10,111
7027,11,58
7108,7,69
7108,8,62
7108,9,110
7108,10,86
7108,11,59
7109,7,122
7109,8,117
7109,9,187
7109,10,149
7109,11,124
7110,7,122
7110,8,103
7110,9,208
7110,10,133
7110,11,89
7111,7,71
7111,8,62
7111,9,128
7111,10,84
7111,11,57
8028,7,30
8028,8,36
8028,9,54
8028,10,50
8028,11,34
8029,7,77
8029,8,74
8029,9,134
8029,10,108
8029,11,93
8047,7,82
8047,8,77
8047,9,149
8047,10,122
8047,11,126
8048,7,59
8048,8,62
8048,9,101
8048,10,108
8048,11,79
8053,7,87
8053,8,95
8053,9,155
8053,10,172
8053,11,89
8054,7,272
8054,8,223
8054,9,423
8054,10,420
8054,11,296
8055,7,347
8055,8,262
8055,9,493
8055,10,533
8055,11,305
8056,7,224
8056,8,178
8056,9,318
8056,10,394
8056,11,286
8057,7,63
8057,8,75
8057,9,129
8057,10,90
8057,11,67
8058,7,163
8058,8,187
8058,9,294
8058,10,259
8058,11,164
8059,7,184
8059,8,212
8059,9,328
8059,10,348
8059,11,240
8060,7,143
8060,8,163
8060,9,228
8060,10,238
8060,11,205
8064,7,32
8064,8,45
8064,9,77
8064,10,70
8064,11,48
8065,7,110
8065,8,119
8065,9,204
8065,10,208
8065,11,135
8066,7,166
8066,8,154
8066,9,236
8066,10,264
8066,11,180
8067,7,106
8067,8,96
8067,9,123
8067,10,167
8067,11,149
8947,7,40
8947,8,47
8947,9,64
8947,10,33
8947,11,45
8948,7,77
8948,8,76
8948,9,124
8948,10,103
8948,11,85
8949,7,86
8949,8,78
8949,9,137
8949,10,114
8949,11,90
8950,7,54
8950,8,68
8950,9,122
8950,10,110
8950,11,78
9066,7,43
9066,8,34
9066,9,57
9066,10,61
9066,11,26
9067,7,40
9067,8,32
9067,9,62
9067,10,92
9067,11,42
9068,7,47
9068,8,34
9068,9,65
9068,10,98
9068,11,34
9069,7,43
9069,8,30
9069,9,56
9069,10,64
9069,11,32
9070,7,25
9070,8,18
9070,9,31
9070,10,56
9070,11,21
9071,7,39
9071,8,15
9071,9,28
9071,10,45
9071,11,9
9072,7,28
9072,8,18
9072,9,40
9072,10,37
9072,11,11
9073,7,37
9073,8,29
9073,9,40
9073,10,39
9073,11,12
9074,7,32
9074,8,33
9074,9,40
9074,10,28
9074,11,16
9075,7,28
9075,8,34
9075,9,44
9075,10,14
9075,11,14
9144,7,32
9144,8,24
9144,9,55
9144,10,48
9144,11,26
9145,7,36
9145,8,17
9145,9,41
9145,10,52
9145,11,23
9161,7,70
9161,8,77
9161,9,81
9161,10,97
9161,11,72
9162,7,125
9162,8,105
9162,9,167
9162,10,161
9162,11,99
9163,7,73
9163,8,75
9163,9,142
9163,10,116
9163,11,66
9164,7,48
9164,8,43
9164,9,67
9164,10,81
9164,11,55
9165,7,31
9165,8,28
9165,9,40
9165,10,40
9165,11,22
9166,7,44
9166,8,37
9166,9,65
9166,10,62
9166,11,35
9187,7,66
9187,8,28
9187,9,60
9187,10,35
9187,11,16
9188,7,80
9188,8,40
9188,9,69
9188,10,75
9188,11,27
9189,7,76
9189,8,38
9189,9,66
9189,10,58
9189,11,24
9190,7,55
9190,8,27
9190,9,59
9190,10,58
9190,11,18
9195,7,47
9195,8,27
9195,9,35
9195,10,43
9195,11,13
9196,7,54
9196,8,31
9196,9,61
9196,10,59
9196,11,20
9197,7,34
9197,8,28
9197,9,48
9197,10,57
9197,11,21
9198,7,47
9198,8,25
9198,9,41
9198,10,47
9198,11,23
9203,7,44
9203,8,25
9203,9,63
9203,10,42
9203,11,20
9204,7,65
9204,8,36
9204,9,82
9204,10,62
9204,11,30
9205,7,77
9205,8,44
9205,9,69
9205,10,82
9205,11,30
9206,7,58
9206,8,32
9206,9,59
9206,10,56
9206,11,24
9207,7,50
9207,8,39
9207,9,56
9207,10,55
9207,11,39
9208,7,39
9208,8,30
9208,9,43
9208,10,43
9208,11,31
9209,7,12
9209,8,10
9209,9,14
9209,10,14
9209,11,10
9210,7,31
9210,8,24
9210,9,35
9210,10,35
9210,11,25
9211,7,34
9211,8,27
9211,9,38
9211,10,38
9211,11,27
9212,7,24
9212,8,19
9212,9,27
9212,10,27
9212,11,19
9221,7,22
9221,8,17
9221,9,25
9221,10,25
9221,11,18
9222,7,51
9222,8,40
9222,9,57
9222,10,56
9222,11,40
9316,7,23
9316,8,35
9316,9,49
9316,10,23
9316,11,14
9317,7,43
9317,8,64
9317,9,90
9317,10,43
9317,11,25
9318,7,33
9318,8,50
9318,9,70
9318,10,33
9318,11,20
9666,7,51
9666,8,36
9666,9,158
9666,10,57
9666,11,35
9667,7,114
9667,8,78
9667,9,330
9667,10,114
9667,11,73
9668,7,120
9668,8,94
9668,9,355
9668,10,135
9668,11,84
9669,7,83
9669,8,60
9669,9,206
9669,10,107
9669,11,56
9674,7,25
9674,8,27
9674,9,37
9674,10,26
9674,11,13
9675,7,59
9675,8,38
9675,9,89
9675,10,69
9675,11,35
9676,7,58
9676,8,45
9676,9,98
9676,10,68
9676,11,40
9677,7,45
9677,8,29
9677,9,63
9677,10,65
9677,11,23
9812,7,102
9812,8,103
9812,9,236
9812,10,108
9812,11,45
9813,7,143
9813,8,175
9813,9,324
9813,10,126
9813,11,63
9814,7,108
9814,8,129
9814,9,325
9814,10,113
9814,11,55
9892,7,130
9892,8,178
9892,9,229
9892,10,159
9892,11,91
9893,7,258
9893,8,306
9893,9,445
9893,10,298
9893,11,178
9894,7,219
9894,8,283
9894,9,384
9894,10,275
9894,11,143
9898,7,69
9898,8,90
9898,9,134
9898,10,96
9898,11,60
9899,7,150
9899,8,165
9899,9,261
9899,10,168
9899,11,117
9900,7,108
9900,8,127
9900,9,185
9900,10,144
9900,11,89
9957,7,64
9957,8,91
9957,9,152
9957,10,47
9957,11,61
9958,7,135
9958,8,184
9958,9,308
9958,10,129
9958,11,113
9959,7,148
9959,8,206
9959,9,312
9959,10,151
9959,11,170
9960,7,125
9960,8,167
9960,9,247
9960,10,142
9960,11,147
9981,7,50
9981,8,51
9981,9,64
9981,10,48
9981,11,39
9982,7,92
9982,8,98
9982,9,157
9982,10,125
9982,11,98
9983,7,107
9983,8,114
9983,9,187
9983,10,141
9983,11,111
9984,7,86
9984,8,111
9984,9,156
9984,10,119
9984,11,90
