"idproduto";"referencia";"produto";"cor";"tamanho";"continuidade"
"37051";"PT 99 0188";"SACOLA NAMORADOS C/CARTAO";"UNICA";"U";""
"39193";"101704";"CALCINHA STRING FIO DENTAL CONFORT";"VANILLA";"G";"PERMANENTE COR NOVA"
"39192";"101704";"CALCINHA STRING FIO DENTAL CONFORT";"VANILLA";"M";"PERMANENTE COR NOVA"
"39191";"101704";"CALCINHA STRING FIO DENTAL CONFORT";"VANILLA";"P";"PERMANENTE COR NOVA"
"38461";"103010";"SUTIA MEIA TACA REFORCADO C/BJ EM MICROF";"CALLAS";"42";"PERMANENTE COR NOVA"
"38462";"103010";"SUTIA MEIA TACA REFORCADO C/BJ EM MICROF";"CALLAS";"44";"PERMANENTE COR NOVA"
"38463";"103010";"SUTIA MEIA TACA REFORCADO C/BJ EM MICROF";"CALLAS";"46";"PERMANENTE COR NOVA"
"38464";"103010";"SUTIA MEIA TACA REFORCADO C/BJ EM MICROF";"CALLAS";"48";"PERMANENTE COR NOVA"
"38437";"103010";"SUTIA MEIA TACA REFORCADO C/BJ EM MICROF";"CHOCOLATE";"42";"PERMANENTE COR NOVA"
"38438";"103010";"SUTIA MEIA TACA REFORCADO C/BJ EM MICROF";"CHOCOLATE";"44";"PERMANENTE COR NOVA"
"38439";"103010";"SUTIA MEIA TACA REFORCADO C/BJ EM MICROF";"CHOCOLATE";"46";"PERMANENTE COR NOVA"
"38440";"103010";"SUTIA MEIA TACA REFORCADO C/BJ EM MICROF";"CHOCOLATE";"48";"PERMANENTE COR NOVA"
"38449";"103010";"SUTIA MEIA TACA REFORCADO C/BJ EM MICROF";"MAUVE";"42";"PERMANENTE COR NOVA"
"38450";"103010";"SUTIA MEIA TACA REFORCADO C/BJ EM MICROF";"MAUVE";"44";"PERMANENTE COR NOVA"
"38451";"103010";"SUTIA MEIA TACA REFORCADO C/BJ EM MICROF";"MAUVE";"46";"PERMANENTE COR NOVA"
"38452";"103010";"SUTIA MEIA TACA REFORCADO C/BJ EM MICROF";"MAUVE";"48";"PERMANENTE COR NOVA"
"38457";"103010";"SUTIA MEIA TACA REFORCADO C/BJ EM MICROF";"NUDE";"42";"PERMANENTE COR NOVA"
"38458";"103010";"SUTIA MEIA TACA REFORCADO C/BJ EM MICROF";"NUDE";"44";"PERMANENTE COR NOVA"
"38459";"103010";"SUTIA MEIA TACA REFORCADO C/BJ EM MICROF";"NUDE";"46";"PERMANENTE COR NOVA"
"38460";"103010";"SUTIA MEIA TACA REFORCADO C/BJ EM MICROF";"NUDE";"48";"PERMANENTE COR NOVA"
"38433";"103010";"SUTIA MEIA TACA REFORCADO C/BJ EM MICROF";"PRETO";"42";"PERMANENTE COR NOVA"
"38434";"103010";"SUTIA MEIA TACA REFORCADO C/BJ EM MICROF";"PRETO";"44";"PERMANENTE COR NOVA"
"38435";"103010";"SUTIA MEIA TACA REFORCADO C/BJ EM MICROF";"PRETO";"46";"PERMANENTE COR NOVA"
"38436";"103010";"SUTIA MEIA TACA REFORCADO C/BJ EM MICROF";"PRETO";"48";"PERMANENTE COR NOVA"
"38453";"103010";"SUTIA MEIA TACA REFORCADO C/BJ EM MICROF";"TRUFA";"42";"PERMANENTE COR NOVA"
"38454";"103010";"SUTIA MEIA TACA REFORCADO C/BJ EM MICROF";"TRUFA";"44";"PERMANENTE COR NOVA"
"38455";"103010";"SUTIA MEIA TACA REFORCADO C/BJ EM MICROF";"TRUFA";"46";"PERMANENTE COR NOVA"
"38456";"103010";"SUTIA MEIA TACA REFORCADO C/BJ EM MICROF";"TRUFA";"48";"PERMANENTE COR NOVA"
"38445";"103010";"SUTIA MEIA TACA REFORCADO C/BJ EM MICROF";"VANILLA";"42";"PERMANENTE COR NOVA"
"38446";"103010";"SUTIA MEIA TACA REFORCADO C/BJ EM MICROF";"VANILLA";"44";"PERMANENTE COR NOVA"
"38447";"103010";"SUTIA MEIA TACA REFORCADO C/BJ EM MICROF";"VANILLA";"46";"PERMANENTE COR NOVA"
"38448";"103010";"SUTIA MEIA TACA REFORCADO C/BJ EM MICROF";"VANILLA";"48";"PERMANENTE COR NOVA"
"39196";"103802";"TOP COM BOJO REMOVIVEL EM MICROFIBRA";"VANILLA";"G";"PERMANENTE COR NOVA"
"39197";"103802";"TOP COM BOJO REMOVIVEL EM MICROFIBRA";"VANILLA";"GG";"PERMANENTE COR NOVA"
"39195";"103802";"TOP COM BOJO REMOVIVEL EM MICROFIBRA";"VANILLA";"M";"PERMANENTE COR NOVA"
"39194";"103802";"TOP COM BOJO REMOVIVEL EM MICROFIBRA";"VANILLA";"P";"PERMANENTE COR NOVA"
"38649";"106601";"BODY GOLA ALTA MANGA LONGA CONFORT";"TRUFA";"G";"PERMANENTE COR NOVA"
"38650";"106601";"BODY GOLA ALTA MANGA LONGA CONFORT";"TRUFA";"GG";"PERMANENTE COR NOVA"
"38648";"106601";"BODY GOLA ALTA MANGA LONGA CONFORT";"TRUFA";"M";"PERMANENTE COR NOVA"
"38647";"106601";"BODY GOLA ALTA MANGA LONGA CONFORT";"TRUFA";"P";"PERMANENTE COR NOVA"
"39021";"211003";"CALCINHA LARGA EM MODAL";"CANELA";"G";"PERMANENTE COR NOVA"
"39022";"211003";"CALCINHA LARGA EM MODAL";"CANELA";"GG";"PERMANENTE COR NOVA"
"39020";"211003";"CALCINHA LARGA EM MODAL";"CANELA";"M";"PERMANENTE COR NOVA"
"39019";"211003";"CALCINHA LARGA EM MODAL";"CANELA";"P";"PERMANENTE COR NOVA"
"39025";"211003";"CALCINHA LARGA EM MODAL";"ROUGE";"G";"PERMANENTE COR NOVA"
"39026";"211003";"CALCINHA LARGA EM MODAL";"ROUGE";"GG";"PERMANENTE COR NOVA"
"39024";"211003";"CALCINHA LARGA EM MODAL";"ROUGE";"M";"PERMANENTE COR NOVA"
"39023";"211003";"CALCINHA LARGA EM MODAL";"ROUGE";"P";"PERMANENTE COR NOVA"
"38671";"211303";"CALCINHA LARGA EM MODAL";"CANELA";"G";"PERMANENTE COR NOVA"
"38672";"211303";"CALCINHA LARGA EM MODAL";"CANELA";"GG";"PERMANENTE COR NOVA"
"38670";"211303";"CALCINHA LARGA EM MODAL";"CANELA";"M";"PERMANENTE COR NOVA"
"38669";"211303";"CALCINHA LARGA EM MODAL";"CANELA";"P";"PERMANENTE COR NOVA"
"38675";"211303";"CALCINHA LARGA EM MODAL";"ROUGE";"G";"PERMANENTE COR NOVA"
"38676";"211303";"CALCINHA LARGA EM MODAL";"ROUGE";"GG";"PERMANENTE COR NOVA"
"38674";"211303";"CALCINHA LARGA EM MODAL";"ROUGE";"M";"PERMANENTE COR NOVA"
"38673";"211303";"CALCINHA LARGA EM MODAL";"ROUGE";"P";"PERMANENTE COR NOVA"
"38679";"211703";"CALCINHA FIO DENTAL EM MODAL";"CANELA";"G";"PERMANENTE COR NOVA"
"38680";"211703";"CALCINHA FIO DENTAL EM MODAL";"CANELA";"GG";"PERMANENTE COR NOVA"
"38678";"211703";"CALCINHA FIO DENTAL EM MODAL";"CANELA";"M";"PERMANENTE COR NOVA"
"38677";"211703";"CALCINHA FIO DENTAL EM MODAL";"CANELA";"P";"PERMANENTE COR NOVA"
"38683";"211703";"CALCINHA FIO DENTAL EM MODAL";"ROUGE";"G";"PERMANENTE COR NOVA"
"38684";"211703";"CALCINHA FIO DENTAL EM MODAL";"ROUGE";"GG";"PERMANENTE COR NOVA"
"38682";"211703";"CALCINHA FIO DENTAL EM MODAL";"ROUGE";"M";"PERMANENTE COR NOVA"
"38681";"211703";"CALCINHA FIO DENTAL EM MODAL";"ROUGE";"P";"PERMANENTE COR NOVA"
"38653";"306602";"BODY MANGA ALTA SEM MANGA EM MICRO";"TRUFA";"G";"PERMANENTE COR NOVA"
"38654";"306602";"BODY MANGA ALTA SEM MANGA EM MICRO";"TRUFA";"GG";"PERMANENTE COR NOVA"
"38652";"306602";"BODY MANGA ALTA SEM MANGA EM MICRO";"TRUFA";"M";"PERMANENTE COR NOVA"
"38651";"306602";"BODY MANGA ALTA SEM MANGA EM MICRO";"TRUFA";"P";"PERMANENTE COR NOVA"
"38477";"503040";"SUTIA MEIA TACA C/ BOJO EM MICRO C/RENDA";"BRANCO";"42";"PERMANENTE COR NOVA"
"38478";"503040";"SUTIA MEIA TACA C/ BOJO EM MICRO C/RENDA";"BRANCO";"44";"PERMANENTE COR NOVA"
"38479";"503040";"SUTIA MEIA TACA C/ BOJO EM MICRO C/RENDA";"BRANCO";"46";"PERMANENTE COR NOVA"
"38480";"503040";"SUTIA MEIA TACA C/ BOJO EM MICRO C/RENDA";"BRANCO";"48";"PERMANENTE COR NOVA"
"38473";"503040";"SUTIA MEIA TACA C/ BOJO EM MICRO C/RENDA";"LOVE";"42";"PERMANENTE COR NOVA"
"38474";"503040";"SUTIA MEIA TACA C/ BOJO EM MICRO C/RENDA";"LOVE";"44";"PERMANENTE COR NOVA"
"38475";"503040";"SUTIA MEIA TACA C/ BOJO EM MICRO C/RENDA";"LOVE";"46";"PERMANENTE COR NOVA"
"38476";"503040";"SUTIA MEIA TACA C/ BOJO EM MICRO C/RENDA";"LOVE";"48";"PERMANENTE COR NOVA"
"38469";"503040";"SUTIA MEIA TACA C/ BOJO EM MICRO C/RENDA";"NUDE";"42";"PERMANENTE COR NOVA"
"38470";"503040";"SUTIA MEIA TACA C/ BOJO EM MICRO C/RENDA";"NUDE";"44";"PERMANENTE COR NOVA"
"38471";"503040";"SUTIA MEIA TACA C/ BOJO EM MICRO C/RENDA";"NUDE";"46";"PERMANENTE COR NOVA"
"38472";"503040";"SUTIA MEIA TACA C/ BOJO EM MICRO C/RENDA";"NUDE";"48";"PERMANENTE COR NOVA"
"38465";"503040";"SUTIA MEIA TACA C/ BOJO EM MICRO C/RENDA";"PRETO";"42";"PERMANENTE COR NOVA"
"38466";"503040";"SUTIA MEIA TACA C/ BOJO EM MICRO C/RENDA";"PRETO";"44";"PERMANENTE COR NOVA"
"38467";"503040";"SUTIA MEIA TACA C/ BOJO EM MICRO C/RENDA";"PRETO";"46";"PERMANENTE COR NOVA"
"38468";"503040";"SUTIA MEIA TACA C/ BOJO EM MICRO C/RENDA";"PRETO";"48";"PERMANENTE COR NOVA"
"37143";"503503";"TOP ALONGADO EM RENDA KISS ME";"BRANCO";"G";"PERMANENTE COR NOVA"
"37144";"503503";"TOP ALONGADO EM RENDA KISS ME";"BRANCO";"GG";"PERMANENTE COR NOVA"
"37142";"503503";"TOP ALONGADO EM RENDA KISS ME";"BRANCO";"M";"PERMANENTE COR NOVA"
"37141";"503503";"TOP ALONGADO EM RENDA KISS ME";"BRANCO";"P";"PERMANENTE COR NOVA"
"37151";"503503";"TOP ALONGADO EM RENDA KISS ME";"LOVE";"G";"PERMANENTE COR NOVA"
"37152";"503503";"TOP ALONGADO EM RENDA KISS ME";"LOVE";"GG";"PERMANENTE COR NOVA"
"37150";"503503";"TOP ALONGADO EM RENDA KISS ME";"LOVE";"M";"PERMANENTE COR NOVA"
"37149";"503503";"TOP ALONGADO EM RENDA KISS ME";"LOVE";"P";"PERMANENTE COR NOVA"
"37159";"503503";"TOP ALONGADO EM RENDA KISS ME";"NUDE";"G";"PERMANENTE COR NOVA"
"37160";"503503";"TOP ALONGADO EM RENDA KISS ME";"NUDE";"GG";"PERMANENTE COR NOVA"
"37158";"503503";"TOP ALONGADO EM RENDA KISS ME";"NUDE";"M";"PERMANENTE COR NOVA"
"37157";"503503";"TOP ALONGADO EM RENDA KISS ME";"NUDE";"P";"PERMANENTE COR NOVA"
"37147";"503503";"TOP ALONGADO EM RENDA KISS ME";"PRETO";"G";"PERMANENTE COR NOVA"
"37148";"503503";"TOP ALONGADO EM RENDA KISS ME";"PRETO";"GG";"PERMANENTE COR NOVA"
"37146";"503503";"TOP ALONGADO EM RENDA KISS ME";"PRETO";"M";"PERMANENTE COR NOVA"
"37145";"503503";"TOP ALONGADO EM RENDA KISS ME";"PRETO";"P";"PERMANENTE COR NOVA"
"36039";"601172";"CALCINHA BIQUINI IDEAL RENDA";"VANILLA";"G";"PERMANENTE COR NOVA"
"36040";"601172";"CALCINHA BIQUINI IDEAL RENDA";"VANILLA";"GG";"PERMANENTE COR NOVA"
"36038";"601172";"CALCINHA BIQUINI IDEAL RENDA";"VANILLA";"M";"PERMANENTE COR NOVA"
"36037";"601172";"CALCINHA BIQUINI IDEAL RENDA";"VANILLA";"P";"PERMANENTE COR NOVA"
"36035";"601772";"CALCINHA FIO DENTAL IDEAL RENDA";"VANILLA";"G";"PERMANENTE COR NOVA"
"36036";"601772";"CALCINHA FIO DENTAL IDEAL RENDA";"VANILLA";"GG";"PERMANENTE COR NOVA"
"36034";"601772";"CALCINHA FIO DENTAL IDEAL RENDA";"VANILLA";"M";"PERMANENTE COR NOVA"
"36033";"601772";"CALCINHA FIO DENTAL IDEAL RENDA";"VANILLA";"P";"PERMANENTE COR NOVA"
"38030";"603022";"SUTIA MEIA TACA C/ BOJO RENDA";"VANILLA";"40B";"PERMANENTE COR NOVA"
"38031";"603022";"SUTIA MEIA TACA C/ BOJO RENDA";"VANILLA";"40C";"PERMANENTE COR NOVA"
"38032";"603022";"SUTIA MEIA TACA C/ BOJO RENDA";"VANILLA";"42B";"PERMANENTE COR NOVA"
"38033";"603022";"SUTIA MEIA TACA C/ BOJO RENDA";"VANILLA";"42C";"PERMANENTE COR NOVA"
"38034";"603022";"SUTIA MEIA TACA C/ BOJO RENDA";"VANILLA";"44B";"PERMANENTE COR NOVA"
"38035";"603022";"SUTIA MEIA TACA C/ BOJO RENDA";"VANILLA";"44C";"PERMANENTE COR NOVA"
"38036";"603022";"SUTIA MEIA TACA C/ BOJO RENDA";"VANILLA";"46B";"PERMANENTE COR NOVA"
"38037";"603022";"SUTIA MEIA TACA C/ BOJO RENDA";"VANILLA";"46C";"PERMANENTE COR NOVA"
"38038";"603022";"SUTIA MEIA TACA C/ BOJO RENDA";"VANILLA";"48C";"PERMANENTE COR NOVA"
"38021";"603322";"SUTIA MEIA TACA S/ BOJO RENDADO IDEAL";"VANILLA";"40B";"PERMANENTE COR NOVA"
"38022";"603322";"SUTIA MEIA TACA S/ BOJO RENDADO IDEAL";"VANILLA";"40C";"PERMANENTE COR NOVA"
"38023";"603322";"SUTIA MEIA TACA S/ BOJO RENDADO IDEAL";"VANILLA";"42B";"PERMANENTE COR NOVA"
"38024";"603322";"SUTIA MEIA TACA S/ BOJO RENDADO IDEAL";"VANILLA";"42C";"PERMANENTE COR NOVA"
"38025";"603322";"SUTIA MEIA TACA S/ BOJO RENDADO IDEAL";"VANILLA";"44B";"PERMANENTE COR NOVA"
"38026";"603322";"SUTIA MEIA TACA S/ BOJO RENDADO IDEAL";"VANILLA";"44C";"PERMANENTE COR NOVA"
"38027";"603322";"SUTIA MEIA TACA S/ BOJO RENDADO IDEAL";"VANILLA";"46B";"PERMANENTE COR NOVA"
"38028";"603322";"SUTIA MEIA TACA S/ BOJO RENDADO IDEAL";"VANILLA";"46C";"PERMANENTE COR NOVA"
"38029";"603322";"SUTIA MEIA TACA S/ BOJO RENDADO IDEAL";"VANILLA";"48C";"PERMANENTE COR NOVA"
"38014";"603422";"SUTIA TRIANGULO RENDADO IDEAL";"VANILLA";"40B";"PERMANENTE COR NOVA"
"38015";"603422";"SUTIA TRIANGULO RENDADO IDEAL";"VANILLA";"42B";"PERMANENTE COR NOVA"
"38016";"603422";"SUTIA TRIANGULO RENDADO IDEAL";"VANILLA";"42C";"PERMANENTE COR NOVA"
"38017";"603422";"SUTIA TRIANGULO RENDADO IDEAL";"VANILLA";"44B";"PERMANENTE COR NOVA"
"38018";"603422";"SUTIA TRIANGULO RENDADO IDEAL";"VANILLA";"44C";"PERMANENTE COR NOVA"
"38019";"603422";"SUTIA TRIANGULO RENDADO IDEAL";"VANILLA";"46B";"PERMANENTE COR NOVA"
"38020";"603422";"SUTIA TRIANGULO RENDADO IDEAL";"VANILLA";"46C";"PERMANENTE COR NOVA"
"34781";"101704";"CALCINHA STRING FIO DENTAL CONFORT";"BRANCO";"G";"PERMANENTE"
"34780";"101704";"CALCINHA STRING FIO DENTAL CONFORT";"BRANCO";"M";"PERMANENTE"
"34779";"101704";"CALCINHA STRING FIO DENTAL CONFORT";"BRANCO";"P";"PERMANENTE"
"34778";"101704";"CALCINHA STRING FIO DENTAL CONFORT";"CALLAS";"G";"PERMANENTE"
"34777";"101704";"CALCINHA STRING FIO DENTAL CONFORT";"CALLAS";"M";"PERMANENTE"
"34776";"101704";"CALCINHA STRING FIO DENTAL CONFORT";"CALLAS";"P";"PERMANENTE"
"34784";"101704";"CALCINHA STRING FIO DENTAL CONFORT";"CHOCOLATE";"G";"PERMANENTE"
"34783";"101704";"CALCINHA STRING FIO DENTAL CONFORT";"CHOCOLATE";"M";"PERMANENTE"
"34782";"101704";"CALCINHA STRING FIO DENTAL CONFORT";"CHOCOLATE";"P";"PERMANENTE"
"34775";"101704";"CALCINHA STRING FIO DENTAL CONFORT";"PRETO";"G";"PERMANENTE"
"34774";"101704";"CALCINHA STRING FIO DENTAL CONFORT";"PRETO";"M";"PERMANENTE"
"34773";"101704";"CALCINHA STRING FIO DENTAL CONFORT";"PRETO";"P";"PERMANENTE"
"36143";"103803";"TOP TOMARA QUE CAIA COM BOJO REMOVIVEL";"CHOCOLATE";"G";"PERMANENTE"
"36144";"103803";"TOP TOMARA QUE CAIA COM BOJO REMOVIVEL";"CHOCOLATE";"GG";"PERMANENTE"
"36142";"103803";"TOP TOMARA QUE CAIA COM BOJO REMOVIVEL";"CHOCOLATE";"M";"PERMANENTE"
"36141";"103803";"TOP TOMARA QUE CAIA COM BOJO REMOVIVEL";"CHOCOLATE";"P";"PERMANENTE"
"36131";"103803";"TOP TOMARA QUE CAIA COM BOJO REMOVIVEL";"PRETO";"G";"PERMANENTE"
"36132";"103803";"TOP TOMARA QUE CAIA COM BOJO REMOVIVEL";"PRETO";"GG";"PERMANENTE"
"36130";"103803";"TOP TOMARA QUE CAIA COM BOJO REMOVIVEL";"PRETO";"M";"PERMANENTE"
"36129";"103803";"TOP TOMARA QUE CAIA COM BOJO REMOVIVEL";"PRETO";"P";"PERMANENTE"
"36589";"106601";"BODY GOLA ALTA MANGA LONGA CONFORT";"PRETO";"G";"PERMANENTE"
"36590";"106601";"BODY GOLA ALTA MANGA LONGA CONFORT";"PRETO";"GG";"PERMANENTE"
"36588";"106601";"BODY GOLA ALTA MANGA LONGA CONFORT";"PRETO";"M";"PERMANENTE"
"36587";"106601";"BODY GOLA ALTA MANGA LONGA CONFORT";"PRETO";"P";"PERMANENTE"
"38609";"123101";"SUTIA PUSH UP 3D EM MICROFIBRA";"CHOCOLATE";"40";"PERMANENTE"
"38610";"123101";"SUTIA PUSH UP 3D EM MICROFIBRA";"CHOCOLATE";"42";"PERMANENTE"
"38611";"123101";"SUTIA PUSH UP 3D EM MICROFIBRA";"CHOCOLATE";"44";"PERMANENTE"
"36706";"136910";"ROBE EM CETIM";"BRANCO";"G";"PERMANENTE"
"36705";"136910";"ROBE EM CETIM";"BRANCO";"M";"PERMANENTE"
"36704";"136910";"ROBE EM CETIM";"BRANCO";"P";"PERMANENTE"
"36718";"136910";"ROBE EM CETIM";"PRETO";"G";"PERMANENTE"
"36717";"136910";"ROBE EM CETIM";"PRETO";"M";"PERMANENTE"
"36716";"136910";"ROBE EM CETIM";"PRETO";"P";"PERMANENTE"
"34703";"301310";"CALCINHA ALTA EM MICROFIBRA CONTRO";"NUDE";"EG";"PERMANENTE"
"34701";"301310";"CALCINHA ALTA EM MICROFIBRA CONTRO";"NUDE";"G";"PERMANENTE"
"34702";"301310";"CALCINHA ALTA EM MICROFIBRA CONTRO";"NUDE";"GG";"PERMANENTE"
"34700";"301310";"CALCINHA ALTA EM MICROFIBRA CONTRO";"NUDE";"M";"PERMANENTE"
"34699";"301310";"CALCINHA ALTA EM MICROFIBRA CONTRO";"NUDE";"P";"PERMANENTE"
"37820";"301311";"CALCINHA LARGA  S/COSTURA CONTROL";"NUDE";"EG";"PERMANENTE"
"37552";"301311";"CALCINHA LARGA  S/COSTURA CONTROL";"NUDE";"G";"PERMANENTE"
"37553";"301311";"CALCINHA LARGA  S/COSTURA CONTROL";"NUDE";"GG";"PERMANENTE"
"37551";"301311";"CALCINHA LARGA  S/COSTURA CONTROL";"NUDE";"M";"PERMANENTE"
"37821";"301311";"CALCINHA LARGA  S/COSTURA CONTROL";"PRETO";"EG";"PERMANENTE"
"37556";"301311";"CALCINHA LARGA  S/COSTURA CONTROL";"PRETO";"G";"PERMANENTE"
"37557";"301311";"CALCINHA LARGA  S/COSTURA CONTROL";"PRETO";"GG";"PERMANENTE"
"37555";"301311";"CALCINHA LARGA  S/COSTURA CONTROL";"PRETO";"M";"PERMANENTE"
"34692";"301707";"CALCINHA ALTA EM MICROFIBRA CONTRO";"NUDE";"G";"PERMANENTE"
"34693";"301707";"CALCINHA ALTA EM MICROFIBRA CONTRO";"NUDE";"GG";"PERMANENTE"
"34691";"301707";"CALCINHA ALTA EM MICROFIBRA CONTRO";"NUDE";"M";"PERMANENTE"
"34724";"302104";"BERMUDA ALTA EM MICROFIBRA CONTROL";"NUDE";"G";"PERMANENTE"
"34725";"302104";"BERMUDA ALTA EM MICROFIBRA CONTROL";"NUDE";"GG";"PERMANENTE"
"34723";"302104";"BERMUDA ALTA EM MICROFIBRA CONTROL";"NUDE";"M";"PERMANENTE"
"34711";"303402";"SUTIA TRIANGULO FIRMADOR EM MICROFIBRA";"NUDE";"G";"PERMANENTE"
"34712";"303402";"SUTIA TRIANGULO FIRMADOR EM MICROFIBRA";"NUDE";"GG";"PERMANENTE"
"34710";"303402";"SUTIA TRIANGULO FIRMADOR EM MICROFIBRA";"NUDE";"M";"PERMANENTE"
"34706";"303402";"SUTIA TRIANGULO FIRMADOR EM MICROFIBRA";"PRETO";"G";"PERMANENTE"
"34707";"303402";"SUTIA TRIANGULO FIRMADOR EM MICROFIBRA";"PRETO";"GG";"PERMANENTE"
"34705";"303402";"SUTIA TRIANGULO FIRMADOR EM MICROFIBRA";"PRETO";"M";"PERMANENTE"
"38631";"303603";"SUTIA TQC EM MICROFIBRA CONTROL";"NUDE";"42";"PERMANENTE"
"38632";"303603";"SUTIA TQC EM MICROFIBRA CONTROL";"NUDE";"44";"PERMANENTE"
"38633";"303603";"SUTIA TQC EM MICROFIBRA CONTROL";"NUDE";"46";"PERMANENTE"
"38635";"303603";"SUTIA TQC EM MICROFIBRA CONTROL";"PRETO";"42";"PERMANENTE"
"38636";"303603";"SUTIA TQC EM MICROFIBRA CONTROL";"PRETO";"44";"PERMANENTE"
"38637";"303603";"SUTIA TQC EM MICROFIBRA CONTROL";"PRETO";"46";"PERMANENTE"
"36675";"306602";"BODY MANGA ALTA SEM MANGA EM MICRO";"PRETO";"G";"PERMANENTE"
"36676";"306602";"BODY MANGA ALTA SEM MANGA EM MICRO";"PRETO";"GG";"PERMANENTE"
"36674";"306602";"BODY MANGA ALTA SEM MANGA EM MICRO";"PRETO";"M";"PERMANENTE"
"36673";"306602";"BODY MANGA ALTA SEM MANGA EM MICRO";"PRETO";"P";"PERMANENTE"
"34834";"501723";"CALCINHA SEMI FIO EM RENDA KISS ME";"BRANCO";"G";"PERMANENTE"
"34835";"501723";"CALCINHA SEMI FIO EM RENDA KISS ME";"BRANCO";"GG";"PERMANENTE"
"34833";"501723";"CALCINHA SEMI FIO EM RENDA KISS ME";"BRANCO";"M";"PERMANENTE"
"34832";"501723";"CALCINHA SEMI FIO EM RENDA KISS ME";"BRANCO";"P";"PERMANENTE"
"34838";"501723";"CALCINHA SEMI FIO EM RENDA KISS ME";"LOVE";"G";"PERMANENTE"
"34839";"501723";"CALCINHA SEMI FIO EM RENDA KISS ME";"LOVE";"GG";"PERMANENTE"
"34837";"501723";"CALCINHA SEMI FIO EM RENDA KISS ME";"LOVE";"M";"PERMANENTE"
"34836";"501723";"CALCINHA SEMI FIO EM RENDA KISS ME";"LOVE";"P";"PERMANENTE"
"34842";"501723";"CALCINHA SEMI FIO EM RENDA KISS ME";"NUDE";"G";"PERMANENTE"
"34843";"501723";"CALCINHA SEMI FIO EM RENDA KISS ME";"NUDE";"GG";"PERMANENTE"
"34841";"501723";"CALCINHA SEMI FIO EM RENDA KISS ME";"NUDE";"M";"PERMANENTE"
"34840";"501723";"CALCINHA SEMI FIO EM RENDA KISS ME";"NUDE";"P";"PERMANENTE"
"34830";"501723";"CALCINHA SEMI FIO EM RENDA KISS ME";"PRETO";"G";"PERMANENTE"
"34831";"501723";"CALCINHA SEMI FIO EM RENDA KISS ME";"PRETO";"GG";"PERMANENTE"
"34829";"501723";"CALCINHA SEMI FIO EM RENDA KISS ME";"PRETO";"M";"PERMANENTE"
"34828";"501723";"CALCINHA SEMI FIO EM RENDA KISS ME";"PRETO";"P";"PERMANENTE"
"34815";"501742";"CALCINHA STRING RENDADA KISS ME";"BRANCO";"G";"PERMANENTE"
"34814";"501742";"CALCINHA STRING RENDADA KISS ME";"BRANCO";"M";"PERMANENTE"
"34813";"501742";"CALCINHA STRING RENDADA KISS ME";"BRANCO";"P";"PERMANENTE"
"34818";"501742";"CALCINHA STRING RENDADA KISS ME";"LOVE";"G";"PERMANENTE"
"34817";"501742";"CALCINHA STRING RENDADA KISS ME";"LOVE";"M";"PERMANENTE"
"34816";"501742";"CALCINHA STRING RENDADA KISS ME";"LOVE";"P";"PERMANENTE"
"34821";"501742";"CALCINHA STRING RENDADA KISS ME";"NUDE";"G";"PERMANENTE"
"34820";"501742";"CALCINHA STRING RENDADA KISS ME";"NUDE";"M";"PERMANENTE"
"34819";"501742";"CALCINHA STRING RENDADA KISS ME";"NUDE";"P";"PERMANENTE"
"34812";"501742";"CALCINHA STRING RENDADA KISS ME";"PRETO";"G";"PERMANENTE"
"34811";"501742";"CALCINHA STRING RENDADA KISS ME";"PRETO";"M";"PERMANENTE"
"34810";"501742";"CALCINHA STRING RENDADA KISS ME";"PRETO";"P";"PERMANENTE"
"35021";"501745";"CALCINHA FIO DENTAL COS EM RENDA KISS ME";"BRANCO";"G";"PERMANENTE"
"35020";"501745";"CALCINHA FIO DENTAL COS EM RENDA KISS ME";"BRANCO";"M";"PERMANENTE"
"35019";"501745";"CALCINHA FIO DENTAL COS EM RENDA KISS ME";"BRANCO";"P";"PERMANENTE"
"35027";"501745";"CALCINHA FIO DENTAL COS EM RENDA KISS ME";"LOVE";"G";"PERMANENTE"
"35026";"501745";"CALCINHA FIO DENTAL COS EM RENDA KISS ME";"LOVE";"M";"PERMANENTE"
"35025";"501745";"CALCINHA FIO DENTAL COS EM RENDA KISS ME";"LOVE";"P";"PERMANENTE"
"35030";"501745";"CALCINHA FIO DENTAL COS EM RENDA KISS ME";"NUDE";"G";"PERMANENTE"
"35029";"501745";"CALCINHA FIO DENTAL COS EM RENDA KISS ME";"NUDE";"M";"PERMANENTE"
"35028";"501745";"CALCINHA FIO DENTAL COS EM RENDA KISS ME";"NUDE";"P";"PERMANENTE"
"35024";"501745";"CALCINHA FIO DENTAL COS EM RENDA KISS ME";"PRETO";"G";"PERMANENTE"
"35023";"501745";"CALCINHA FIO DENTAL COS EM RENDA KISS ME";"PRETO";"M";"PERMANENTE"
"35022";"501745";"CALCINHA FIO DENTAL COS EM RENDA KISS ME";"PRETO";"P";"PERMANENTE"
"35840";"601172";"CALCINHA BIQUINI IDEAL RENDA";"CALLAS";"G";"PERMANENTE"
"35841";"601172";"CALCINHA BIQUINI IDEAL RENDA";"CALLAS";"GG";"PERMANENTE"
"35839";"601172";"CALCINHA BIQUINI IDEAL RENDA";"CALLAS";"M";"PERMANENTE"
"35838";"601172";"CALCINHA BIQUINI IDEAL RENDA";"CALLAS";"P";"PERMANENTE"
"35836";"601172";"CALCINHA BIQUINI IDEAL RENDA";"TRUFA";"G";"PERMANENTE"
"35837";"601172";"CALCINHA BIQUINI IDEAL RENDA";"TRUFA";"GG";"PERMANENTE"
"35835";"601172";"CALCINHA BIQUINI IDEAL RENDA";"TRUFA";"M";"PERMANENTE"
"35834";"601172";"CALCINHA BIQUINI IDEAL RENDA";"TRUFA";"P";"PERMANENTE"
"35776";"601772";"CALCINHA FIO DENTAL IDEAL RENDA";"CALLAS";"G";"PERMANENTE"
"35775";"601772";"CALCINHA FIO DENTAL IDEAL RENDA";"CALLAS";"M";"PERMANENTE"
"35774";"601772";"CALCINHA FIO DENTAL IDEAL RENDA";"CALLAS";"P";"PERMANENTE"
"35772";"601772";"CALCINHA FIO DENTAL IDEAL RENDA";"TRUFA";"G";"PERMANENTE"
"35771";"601772";"CALCINHA FIO DENTAL IDEAL RENDA";"TRUFA";"M";"PERMANENTE"
"35770";"601772";"CALCINHA FIO DENTAL IDEAL RENDA";"TRUFA";"P";"PERMANENTE"
"36604";"603022";"SUTIA MEIA TACA C/ BOJO RENDA";"CALLAS";"40B";"PERMANENTE"
"36605";"603022";"SUTIA MEIA TACA C/ BOJO RENDA";"CALLAS";"40C";"PERMANENTE"
"36606";"603022";"SUTIA MEIA TACA C/ BOJO RENDA";"CALLAS";"42B";"PERMANENTE"
"36607";"603022";"SUTIA MEIA TACA C/ BOJO RENDA";"CALLAS";"42C";"PERMANENTE"
"36608";"603022";"SUTIA MEIA TACA C/ BOJO RENDA";"CALLAS";"44B";"PERMANENTE"
"36609";"603022";"SUTIA MEIA TACA C/ BOJO RENDA";"CALLAS";"44C";"PERMANENTE"
"36610";"603022";"SUTIA MEIA TACA C/ BOJO RENDA";"CALLAS";"46B";"PERMANENTE"
"36611";"603022";"SUTIA MEIA TACA C/ BOJO RENDA";"CALLAS";"46C";"PERMANENTE"
"36612";"603022";"SUTIA MEIA TACA C/ BOJO RENDA";"CALLAS";"48C";"PERMANENTE"
"36595";"603022";"SUTIA MEIA TACA C/ BOJO RENDA";"TRUFA";"40B";"PERMANENTE"
"36596";"603022";"SUTIA MEIA TACA C/ BOJO RENDA";"TRUFA";"40C";"PERMANENTE"
"36597";"603022";"SUTIA MEIA TACA C/ BOJO RENDA";"TRUFA";"42B";"PERMANENTE"
"36598";"603022";"SUTIA MEIA TACA C/ BOJO RENDA";"TRUFA";"42C";"PERMANENTE"
"36599";"603022";"SUTIA MEIA TACA C/ BOJO RENDA";"TRUFA";"44B";"PERMANENTE"
"36600";"603022";"SUTIA MEIA TACA C/ BOJO RENDA";"TRUFA";"44C";"PERMANENTE"
"36601";"603022";"SUTIA MEIA TACA C/ BOJO RENDA";"TRUFA";"46B";"PERMANENTE"
"36602";"603022";"SUTIA MEIA TACA C/ BOJO RENDA";"TRUFA";"46C";"PERMANENTE"
"36603";"603022";"SUTIA MEIA TACA C/ BOJO RENDA";"TRUFA";"48C";"PERMANENTE"
"36622";"603322";"SUTIA MEIA TACA S/ BOJO RENDADO IDEAL";"CALLAS";"40B";"PERMANENTE"
"36623";"603322";"SUTIA MEIA TACA S/ BOJO RENDADO IDEAL";"CALLAS";"40C";"PERMANENTE"
"36624";"603322";"SUTIA MEIA TACA S/ BOJO RENDADO IDEAL";"CALLAS";"42B";"PERMANENTE"
"36625";"603322";"SUTIA MEIA TACA S/ BOJO RENDADO IDEAL";"CALLAS";"42C";"PERMANENTE"
"36626";"603322";"SUTIA MEIA TACA S/ BOJO RENDADO IDEAL";"CALLAS";"44B";"PERMANENTE"
"36627";"603322";"SUTIA MEIA TACA S/ BOJO RENDADO IDEAL";"CALLAS";"44C";"PERMANENTE"
"36628";"603322";"SUTIA MEIA TACA S/ BOJO RENDADO IDEAL";"CALLAS";"46B";"PERMANENTE"
"36629";"603322";"SUTIA MEIA TACA S/ BOJO RENDADO IDEAL";"CALLAS";"46C";"PERMANENTE"
"36630";"603322";"SUTIA MEIA TACA S/ BOJO RENDADO IDEAL";"CALLAS";"48C";"PERMANENTE"
"36613";"603322";"SUTIA MEIA TACA S/ BOJO RENDADO IDEAL";"TRUFA";"40B";"PERMANENTE"
"36614";"603322";"SUTIA MEIA TACA S/ BOJO RENDADO IDEAL";"TRUFA";"40C";"PERMANENTE"
"36615";"603322";"SUTIA MEIA TACA S/ BOJO RENDADO IDEAL";"TRUFA";"42B";"PERMANENTE"
"36616";"603322";"SUTIA MEIA TACA S/ BOJO RENDADO IDEAL";"TRUFA";"42C";"PERMANENTE"
"36617";"603322";"SUTIA MEIA TACA S/ BOJO RENDADO IDEAL";"TRUFA";"44B";"PERMANENTE"
"36618";"603322";"SUTIA MEIA TACA S/ BOJO RENDADO IDEAL";"TRUFA";"44C";"PERMANENTE"
"36619";"603322";"SUTIA MEIA TACA S/ BOJO RENDADO IDEAL";"TRUFA";"46B";"PERMANENTE"
"36620";"603322";"SUTIA MEIA TACA S/ BOJO RENDADO IDEAL";"TRUFA";"46C";"PERMANENTE"
"36621";"603322";"SUTIA MEIA TACA S/ BOJO RENDADO IDEAL";"TRUFA";"48C";"PERMANENTE"
"36639";"603422";"SUTIA TRIANGULO RENDADO IDEAL";"CALLAS";"40B";"PERMANENTE"
"36640";"603422";"SUTIA TRIANGULO RENDADO IDEAL";"CALLAS";"42B";"PERMANENTE"
"36641";"603422";"SUTIA TRIANGULO RENDADO IDEAL";"CALLAS";"42C";"PERMANENTE"
"36642";"603422";"SUTIA TRIANGULO RENDADO IDEAL";"CALLAS";"44B";"PERMANENTE"
"36643";"603422";"SUTIA TRIANGULO RENDADO IDEAL";"CALLAS";"44C";"PERMANENTE"
"36644";"603422";"SUTIA TRIANGULO RENDADO IDEAL";"CALLAS";"46B";"PERMANENTE"
"36645";"603422";"SUTIA TRIANGULO RENDADO IDEAL";"CALLAS";"46C";"PERMANENTE"
"36632";"603422";"SUTIA TRIANGULO RENDADO IDEAL";"TRUFA";"40B";"PERMANENTE"
"36633";"603422";"SUTIA TRIANGULO RENDADO IDEAL";"TRUFA";"42B";"PERMANENTE"
"36634";"603422";"SUTIA TRIANGULO RENDADO IDEAL";"TRUFA";"42C";"PERMANENTE"
"36635";"603422";"SUTIA TRIANGULO RENDADO IDEAL";"TRUFA";"44B";"PERMANENTE"
"36636";"603422";"SUTIA TRIANGULO RENDADO IDEAL";"TRUFA";"44C";"PERMANENTE"
"36637";"603422";"SUTIA TRIANGULO RENDADO IDEAL";"TRUFA";"46B";"PERMANENTE"
"36638";"603422";"SUTIA TRIANGULO RENDADO IDEAL";"TRUFA";"46C";"PERMANENTE"
"38584";"703016";"SUTIA 1/2 TACA EM MICROFIBRA TACA B";"CHOCOLATE";"48";"PERMANENTE"
"38585";"703016";"SUTIA 1/2 TACA EM MICROFIBRA TACA B";"CHOCOLATE";"50";"PERMANENTE"
"38586";"703016";"SUTIA 1/2 TACA EM MICROFIBRA TACA B";"CHOCOLATE";"52";"PERMANENTE"
"38587";"703016";"SUTIA 1/2 TACA EM MICROFIBRA TACA B";"CHOCOLATE";"54";"PERMANENTE"
"38596";"703016";"SUTIA 1/2 TACA EM MICROFIBRA TACA B";"NUDE";"48";"PERMANENTE"
"38597";"703016";"SUTIA 1/2 TACA EM MICROFIBRA TACA B";"NUDE";"50";"PERMANENTE"
"38598";"703016";"SUTIA 1/2 TACA EM MICROFIBRA TACA B";"NUDE";"52";"PERMANENTE"
"38599";"703016";"SUTIA 1/2 TACA EM MICROFIBRA TACA B";"NUDE";"54";"PERMANENTE"
"38511";"703016";"SUTIA 1/2 TACA EM MICROFIBRA TACA B";"PRETO";"48";"PERMANENTE"
"38512";"703016";"SUTIA 1/2 TACA EM MICROFIBRA TACA B";"PRETO";"50";"PERMANENTE"
"38513";"703016";"SUTIA 1/2 TACA EM MICROFIBRA TACA B";"PRETO";"52";"PERMANENTE"
"38514";"703016";"SUTIA 1/2 TACA EM MICROFIBRA TACA B";"PRETO";"54";"PERMANENTE"
"38590";"703016";"SUTIA 1/2 TACA EM MICROFIBRA TACA B";"TRUFA";"48";"PERMANENTE"
"38591";"703016";"SUTIA 1/2 TACA EM MICROFIBRA TACA B";"TRUFA";"50";"PERMANENTE"
"38592";"703016";"SUTIA 1/2 TACA EM MICROFIBRA TACA B";"TRUFA";"52";"PERMANENTE"
"38593";"703016";"SUTIA 1/2 TACA EM MICROFIBRA TACA B";"TRUFA";"54";"PERMANENTE"
"38516";"703017";"SUTIA 1/2 TACA EM MICROFIBRA TACA B";"CHOCOLATE";"48";"PERMANENTE"
"38517";"703017";"SUTIA 1/2 TACA EM MICROFIBRA TACA B";"CHOCOLATE";"50";"PERMANENTE"
"38518";"703017";"SUTIA 1/2 TACA EM MICROFIBRA TACA B";"CHOCOLATE";"52";"PERMANENTE"
"38519";"703017";"SUTIA 1/2 TACA EM MICROFIBRA TACA B";"CHOCOLATE";"54";"PERMANENTE"
"38526";"703017";"SUTIA 1/2 TACA EM MICROFIBRA TACA B";"NUDE";"48";"PERMANENTE"
"38527";"703017";"SUTIA 1/2 TACA EM MICROFIBRA TACA B";"NUDE";"50";"PERMANENTE"
"38528";"703017";"SUTIA 1/2 TACA EM MICROFIBRA TACA B";"NUDE";"52";"PERMANENTE"
"38529";"703017";"SUTIA 1/2 TACA EM MICROFIBRA TACA B";"NUDE";"54";"PERMANENTE"
"38531";"703017";"SUTIA 1/2 TACA EM MICROFIBRA TACA B";"PRETO";"48";"PERMANENTE"
"38532";"703017";"SUTIA 1/2 TACA EM MICROFIBRA TACA B";"PRETO";"50";"PERMANENTE"
"38533";"703017";"SUTIA 1/2 TACA EM MICROFIBRA TACA B";"PRETO";"52";"PERMANENTE"
"38534";"703017";"SUTIA 1/2 TACA EM MICROFIBRA TACA B";"PRETO";"54";"PERMANENTE"
"38536";"703017";"SUTIA 1/2 TACA EM MICROFIBRA TACA B";"TRUFA";"48";"PERMANENTE"
"38537";"703017";"SUTIA 1/2 TACA EM MICROFIBRA TACA B";"TRUFA";"50";"PERMANENTE"
"38538";"703017";"SUTIA 1/2 TACA EM MICROFIBRA TACA B";"TRUFA";"52";"PERMANENTE"
"38539";"703017";"SUTIA 1/2 TACA EM MICROFIBRA TACA B";"TRUFA";"54";"PERMANENTE"
"38540";"703018";"SUTIA 1/2 TACA BASICO EM MICROFIBRA TM";"CHOCOLATE";"48";"PERMANENTE"
"38541";"703018";"SUTIA 1/2 TACA BASICO EM MICROFIBRA TM";"CHOCOLATE";"50";"PERMANENTE"
"38542";"703018";"SUTIA 1/2 TACA BASICO EM MICROFIBRA TM";"CHOCOLATE";"52";"PERMANENTE"
"38543";"703018";"SUTIA 1/2 TACA BASICO EM MICROFIBRA TM";"CHOCOLATE";"54";"PERMANENTE"
"38548";"703018";"SUTIA 1/2 TACA BASICO EM MICROFIBRA TM";"NUDE";"48";"PERMANENTE"
"38549";"703018";"SUTIA 1/2 TACA BASICO EM MICROFIBRA TM";"NUDE";"50";"PERMANENTE"
"38550";"703018";"SUTIA 1/2 TACA BASICO EM MICROFIBRA TM";"NUDE";"52";"PERMANENTE"
"38551";"703018";"SUTIA 1/2 TACA BASICO EM MICROFIBRA TM";"NUDE";"54";"PERMANENTE"
"38552";"703018";"SUTIA 1/2 TACA BASICO EM MICROFIBRA TM";"PRETO";"48";"PERMANENTE"
"38553";"703018";"SUTIA 1/2 TACA BASICO EM MICROFIBRA TM";"PRETO";"50";"PERMANENTE"
"38554";"703018";"SUTIA 1/2 TACA BASICO EM MICROFIBRA TM";"PRETO";"52";"PERMANENTE"
"38555";"703018";"SUTIA 1/2 TACA BASICO EM MICROFIBRA TM";"PRETO";"54";"PERMANENTE"
"38557";"703020";"SUTIA MEIA TACA COM ZIPER C/ MICROFIBRA";"CHOCOLATE";"48";"PERMANENTE"
"38558";"703020";"SUTIA MEIA TACA COM ZIPER C/ MICROFIBRA";"CHOCOLATE";"50";"PERMANENTE"
"38559";"703020";"SUTIA MEIA TACA COM ZIPER C/ MICROFIBRA";"CHOCOLATE";"52";"PERMANENTE"
"38562";"703020";"SUTIA MEIA TACA COM ZIPER C/ MICROFIBRA";"PRETO";"48";"PERMANENTE"
"38563";"703020";"SUTIA MEIA TACA COM ZIPER C/ MICROFIBRA";"PRETO";"50";"PERMANENTE"
"38564";"703020";"SUTIA MEIA TACA COM ZIPER C/ MICROFIBRA";"PRETO";"52";"PERMANENTE"
"38567";"703021";"SUTIA 1/2 TACA EM RENDA TACA B";"NUDE";"48";"PERMANENTE"
"38568";"703021";"SUTIA 1/2 TACA EM RENDA TACA B";"NUDE";"50";"PERMANENTE"
"38569";"703021";"SUTIA 1/2 TACA EM RENDA TACA B";"NUDE";"52";"PERMANENTE"
"38570";"703021";"SUTIA 1/2 TACA EM RENDA TACA B";"NUDE";"54";"PERMANENTE"
"38572";"703021";"SUTIA 1/2 TACA EM RENDA TACA B";"PRETO";"48";"PERMANENTE"
"38573";"703021";"SUTIA 1/2 TACA EM RENDA TACA B";"PRETO";"50";"PERMANENTE"
"38574";"703021";"SUTIA 1/2 TACA EM RENDA TACA B";"PRETO";"52";"PERMANENTE"
"38575";"703021";"SUTIA 1/2 TACA EM RENDA TACA B";"PRETO";"54";"PERMANENTE"
