idproduto;referencia;produto;cor;tamanho;continuidade;lote minimo
37051;PT 99 0188;SACOLA NAMORADOS C/CARTAO;UNICA;U;;0
39193;101704;CALCINHA STRING FIO DENTAL CONFORT;VANILLA;G;PERMANENTE COR NOVA;120
39192;101704;CALCINHA STRING FIO DENTAL CONFORT;VANILLA;M;PERMANENTE COR NOVA;120
39191;101704;CALCINHA STRING FIO DENTAL CONFORT;VANILLA;P;PERMANENTE COR NOVA;120
38461;103010;SUTIA MEIA TACA REFORCADO C/BJ EM MICROF;CALLAS;42;PERMANENTE COR NOVA;120
38462;103010;SUTIA MEIA TACA REFORCADO C/BJ EM MICROF;CALLAS;44;PERMANENTE COR NOVA;120
38463;103010;SUTIA MEIA TACA REFORCADO C/BJ EM MICROF;CALLAS;46;PERMANENTE COR NOVA;120
38464;103010;SUTIA MEIA TACA REFORCADO C/BJ EM MICROF;CALLAS;48;PERMANENTE COR NOVA;120
38437;103010;SUTIA MEIA TACA REFORCADO C/BJ EM MICROF;CHOCOLATE;42;PERMANENTE COR NOVA;120
38438;103010;SUTIA MEIA TACA REFORCADO C/BJ EM MICROF;CHOCOLATE;44;PERMANENTE COR NOVA;120
38439;103010;SUTIA MEIA TACA REFORCADO C/BJ EM MICROF;CHOCOLATE;46;PERMANENTE COR NOVA;120
38440;103010;SUTIA MEIA TACA REFORCADO C/BJ EM MICROF;CHOCOLATE;48;PERMANENTE COR NOVA;120
38449;103010;SUTIA MEIA TACA REFORCADO C/BJ EM MICROF;MAUVE;42;PERMANENTE COR NOVA;120
38450;103010;SUTIA MEIA TACA REFORCADO C/BJ EM MICROF;MAUVE;44;PERMANENTE COR NOVA;120
38451;103010;SUTIA MEIA TACA REFORCADO C/BJ EM MICROF;MAUVE;46;PERMANENTE COR NOVA;120
38452;103010;SUTIA MEIA TACA REFORCADO C/BJ EM MICROF;MAUVE;48;PERMANENTE COR NOVA;120
38457;103010;SUTIA MEIA TACA REFORCADO C/BJ EM MICROF;NUDE;42;PERMANENTE COR NOVA;120
38458;103010;SUTIA MEIA TACA REFORCADO C/BJ EM MICROF;NUDE;44;PERMANENTE COR NOVA;120
38459;103010;SUTIA MEIA TACA REFORCADO C/BJ EM MICROF;NUDE;46;PERMANENTE COR NOVA;120
38460;103010;SUTIA MEIA TACA REFORCADO C/BJ EM MICROF;NUDE;48;PERMANENTE COR NOVA;120
38433;103010;SUTIA MEIA TACA REFORCADO C/BJ EM MICROF;PRETO;42;PERMANENTE COR NOVA;120
38434;103010;SUTIA MEIA TACA REFORCADO C/BJ EM MICROF;PRETO;44;PERMANENTE COR NOVA;120
38435;103010;SUTIA MEIA TACA REFORCADO C/BJ EM MICROF;PRETO;46;PERMANENTE COR NOVA;120
38436;103010;SUTIA MEIA TACA REFORCADO C/BJ EM MICROF;PRETO;48;PERMANENTE COR NOVA;120
38453;103010;SUTIA MEIA TACA REFORCADO C/BJ EM MICROF;TRUFA;42;PERMANENTE COR NOVA;120
38454;103010;SUTIA MEIA TACA REFORCADO C/BJ EM MICROF;TRUFA;44;PERMANENTE COR NOVA;120
38455;103010;SUTIA MEIA TACA REFORCADO C/BJ EM MICROF;TRUFA;46;PERMANENTE COR NOVA;120
38456;103010;SUTIA MEIA TACA REFORCADO C/BJ EM MICROF;TRUFA;48;PERMANENTE COR NOVA;120
38445;103010;SUTIA MEIA TACA REFORCADO C/BJ EM MICROF;VANILLA;42;PERMANENTE COR NOVA;120
38446;103010;SUTIA MEIA TACA REFORCADO C/BJ EM MICROF;VANILLA;44;PERMANENTE COR NOVA;120
38447;103010;SUTIA MEIA TACA REFORCADO C/BJ EM MICROF;VANILLA;46;PERMANENTE COR NOVA;120
38448;103010;SUTIA MEIA TACA REFORCADO C/BJ EM MICROF;VANILLA;48;PERMANENTE COR NOVA;120
39196;103802;TOP COM BOJO REMOVIVEL EM MICROFIBRA;VANILLA;G;PERMANENTE COR NOVA;120
39197;103802;TOP COM BOJO REMOVIVEL EM MICROFIBRA;VANILLA;GG;PERMANENTE COR NOVA;120
39195;103802;TOP COM BOJO REMOVIVEL EM MICROFIBRA;VANILLA;M;PERMANENTE COR NOVA;120
39194;103802;TOP COM BOJO REMOVIVEL EM MICROFIBRA;VANILLA;P;PERMANENTE COR NOVA;120
38649;106601;BODY GOLA ALTA MANGA LONGA CONFORT;TRUFA;G;PERMANENTE COR NOVA;120
38650;106601;BODY GOLA ALTA MANGA LONGA CONFORT;TRUFA;GG;PERMANENTE COR NOVA;120
38648;106601;BODY GOLA ALTA MANGA LONGA CONFORT;TRUFA;M;PERMANENTE COR NOVA;120
38647;106601;BODY GOLA ALTA MANGA LONGA CONFORT;TRUFA;P;PERMANENTE COR NOVA;120
39021;211003;CALCINHA LARGA EM MODAL;CANELA;G;PERMANENTE COR NOVA;60
39022;211003;CALCINHA LARGA EM MODAL;CANELA;GG;PERMANENTE COR NOVA;60
39020;211003;CALCINHA LARGA EM MODAL;CANELA;M;PERMANENTE COR NOVA;60
39019;211003;CALCINHA LARGA EM MODAL;CANELA;P;PERMANENTE COR NOVA;60
39025;211003;CALCINHA LARGA EM MODAL;ROUGE;G;PERMANENTE COR NOVA;60
39026;211003;CALCINHA LARGA EM MODAL;ROUGE;GG;PERMANENTE COR NOVA;60
39024;211003;CALCINHA LARGA EM MODAL;ROUGE;M;PERMANENTE COR NOVA;60
39023;211003;CALCINHA LARGA EM MODAL;ROUGE;P;PERMANENTE COR NOVA;60
38671;211303;CALCINHA LARGA EM MODAL;CANELA;G;PERMANENTE COR NOVA;60
38672;211303;CALCINHA LARGA EM MODAL;CANELA;GG;PERMANENTE COR NOVA;60
38670;211303;CALCINHA LARGA EM MODAL;CANELA;M;PERMANENTE COR NOVA;60
38669;211303;CALCINHA LARGA EM MODAL;CANELA;P;PERMANENTE COR NOVA;60
38675;211303;CALCINHA LARGA EM MODAL;ROUGE;G;PERMANENTE COR NOVA;60
38676;211303;CALCINHA LARGA EM MODAL;ROUGE;GG;PERMANENTE COR NOVA;60
38674;211303;CALCINHA LARGA EM MODAL;ROUGE;M;PERMANENTE COR NOVA;60
38673;211303;CALCINHA LARGA EM MODAL;ROUGE;P;PERMANENTE COR NOVA;60
38679;211703;CALCINHA FIO DENTAL EM MODAL;CANELA;G;PERMANENTE COR NOVA;60
38680;211703;CALCINHA FIO DENTAL EM MODAL;CANELA;GG;PERMANENTE COR NOVA;60
38678;211703;CALCINHA FIO DENTAL EM MODAL;CANELA;M;PERMANENTE COR NOVA;60
38677;211703;CALCINHA FIO DENTAL EM MODAL;CANELA;P;PERMANENTE COR NOVA;60
38683;211703;CALCINHA FIO DENTAL EM MODAL;ROUGE;G;PERMANENTE COR NOVA;60
38684;211703;CALCINHA FIO DENTAL EM MODAL;ROUGE;GG;PERMANENTE COR NOVA;60
38682;211703;CALCINHA FIO DENTAL EM MODAL;ROUGE;M;PERMANENTE COR NOVA;60
38681;211703;CALCINHA FIO DENTAL EM MODAL;ROUGE;P;PERMANENTE COR NOVA;60
38653;306602;BODY MANGA ALTA SEM MANGA EM MICRO;TRUFA;G;PERMANENTE COR NOVA;120
38654;306602;BODY MANGA ALTA SEM MANGA EM MICRO;TRUFA;GG;PERMANENTE COR NOVA;120
38652;306602;BODY MANGA ALTA SEM MANGA EM MICRO;TRUFA;M;PERMANENTE COR NOVA;120
38651;306602;BODY MANGA ALTA SEM MANGA EM MICRO;TRUFA;P;PERMANENTE COR NOVA;120
38477;503040;SUTIA MEIA TACA C/ BOJO EM MICRO C/RENDA;BRANCO;42;PERMANENTE COR NOVA;40
38478;503040;SUTIA MEIA TACA C/ BOJO EM MICRO C/RENDA;BRANCO;44;PERMANENTE COR NOVA;40
38479;503040;SUTIA MEIA TACA C/ BOJO EM MICRO C/RENDA;BRANCO;46;PERMANENTE COR NOVA;40
38480;503040;SUTIA MEIA TACA C/ BOJO EM MICRO C/RENDA;BRANCO;48;PERMANENTE COR NOVA;40
38473;503040;SUTIA MEIA TACA C/ BOJO EM MICRO C/RENDA;LOVE;42;PERMANENTE COR NOVA;40
38474;503040;SUTIA MEIA TACA C/ BOJO EM MICRO C/RENDA;LOVE;44;PERMANENTE COR NOVA;40
38475;503040;SUTIA MEIA TACA C/ BOJO EM MICRO C/RENDA;LOVE;46;PERMANENTE COR NOVA;40
38476;503040;SUTIA MEIA TACA C/ BOJO EM MICRO C/RENDA;LOVE;48;PERMANENTE COR NOVA;40
38469;503040;SUTIA MEIA TACA C/ BOJO EM MICRO C/RENDA;NUDE;42;PERMANENTE COR NOVA;40
38470;503040;SUTIA MEIA TACA C/ BOJO EM MICRO C/RENDA;NUDE;44;PERMANENTE COR NOVA;40
38471;503040;SUTIA MEIA TACA C/ BOJO EM MICRO C/RENDA;NUDE;46;PERMANENTE COR NOVA;40
38472;503040;SUTIA MEIA TACA C/ BOJO EM MICRO C/RENDA;NUDE;48;PERMANENTE COR NOVA;40
38465;503040;SUTIA MEIA TACA C/ BOJO EM MICRO C/RENDA;PRETO;42;PERMANENTE COR NOVA;40
38466;503040;SUTIA MEIA TACA C/ BOJO EM MICRO C/RENDA;PRETO;44;PERMANENTE COR NOVA;40
38467;503040;SUTIA MEIA TACA C/ BOJO EM MICRO C/RENDA;PRETO;46;PERMANENTE COR NOVA;40
38468;503040;SUTIA MEIA TACA C/ BOJO EM MICRO C/RENDA;PRETO;48;PERMANENTE COR NOVA;40
37143;503503;TOP ALONGADO EM RENDA KISS ME;BRANCO;G;PERMANENTE COR NOVA;40
37144;503503;TOP ALONGADO EM RENDA KISS ME;BRANCO;GG;PERMANENTE COR NOVA;40
37142;503503;TOP ALONGADO EM RENDA KISS ME;BRANCO;M;PERMANENTE COR NOVA;40
37141;503503;TOP ALONGADO EM RENDA KISS ME;BRANCO;P;PERMANENTE COR NOVA;40
37151;503503;TOP ALONGADO EM RENDA KISS ME;LOVE;G;PERMANENTE COR NOVA;40
37152;503503;TOP ALONGADO EM RENDA KISS ME;LOVE;GG;PERMANENTE COR NOVA;40
37150;503503;TOP ALONGADO EM RENDA KISS ME;LOVE;M;PERMANENTE COR NOVA;40
37149;503503;TOP ALONGADO EM RENDA KISS ME;LOVE;P;PERMANENTE COR NOVA;40
37159;503503;TOP ALONGADO EM RENDA KISS ME;NUDE;G;PERMANENTE COR NOVA;40
37160;503503;TOP ALONGADO EM RENDA KISS ME;NUDE;GG;PERMANENTE COR NOVA;40
37158;503503;TOP ALONGADO EM RENDA KISS ME;NUDE;M;PERMANENTE COR NOVA;40
37157;503503;TOP ALONGADO EM RENDA KISS ME;NUDE;P;PERMANENTE COR NOVA;40
37147;503503;TOP ALONGADO EM RENDA KISS ME;PRETO;G;PERMANENTE COR NOVA;40
37148;503503;TOP ALONGADO EM RENDA KISS ME;PRETO;GG;PERMANENTE COR NOVA;40
37146;503503;TOP ALONGADO EM RENDA KISS ME;PRETO;M;PERMANENTE COR NOVA;40
37145;503503;TOP ALONGADO EM RENDA KISS ME;PRETO;P;PERMANENTE COR NOVA;40
36039;601172;CALCINHA BIQUINI IDEAL RENDA;VANILLA;G;PERMANENTE COR NOVA;40
36040;601172;CALCINHA BIQUINI IDEAL RENDA;VANILLA;GG;PERMANENTE COR NOVA;40
36038;601172;CALCINHA BIQUINI IDEAL RENDA;VANILLA;M;PERMANENTE COR NOVA;40
36037;601172;CALCINHA BIQUINI IDEAL RENDA;VANILLA;P;PERMANENTE COR NOVA;40
36035;601772;CALCINHA FIO DENTAL IDEAL RENDA;VANILLA;G;PERMANENTE COR NOVA;40
36036;601772;CALCINHA FIO DENTAL IDEAL RENDA;VANILLA;GG;PERMANENTE COR NOVA;40
36034;601772;CALCINHA FIO DENTAL IDEAL RENDA;VANILLA;M;PERMANENTE COR NOVA;40
36033;601772;CALCINHA FIO DENTAL IDEAL RENDA;VANILLA;P;PERMANENTE COR NOVA;40
38030;603022;SUTIA MEIA TACA C/ BOJO RENDA;VANILLA;40B;PERMANENTE COR NOVA;40
38031;603022;SUTIA MEIA TACA C/ BOJO RENDA;VANILLA;40C;PERMANENTE COR NOVA;40
38032;603022;SUTIA MEIA TACA C/ BOJO RENDA;VANILLA;42B;PERMANENTE COR NOVA;40
38033;603022;SUTIA MEIA TACA C/ BOJO RENDA;VANILLA;42C;PERMANENTE COR NOVA;40
38034;603022;SUTIA MEIA TACA C/ BOJO RENDA;VANILLA;44B;PERMANENTE COR NOVA;40
38035;603022;SUTIA MEIA TACA C/ BOJO RENDA;VANILLA;44C;PERMANENTE COR NOVA;40
38036;603022;SUTIA MEIA TACA C/ BOJO RENDA;VANILLA;46B;PERMANENTE COR NOVA;40
38037;603022;SUTIA MEIA TACA C/ BOJO RENDA;VANILLA;46C;PERMANENTE COR NOVA;40
38038;603022;SUTIA MEIA TACA C/ BOJO RENDA;VANILLA;48C;PERMANENTE COR NOVA;40
38021;603322;SUTIA MEIA TACA S/ BOJO RENDADO IDEAL;VANILLA;40B;PERMANENTE COR NOVA;40
38022;603322;SUTIA MEIA TACA S/ BOJO RENDADO IDEAL;VANILLA;40C;PERMANENTE COR NOVA;40
38023;603322;SUTIA MEIA TACA S/ BOJO RENDADO IDEAL;VANILLA;42B;PERMANENTE COR NOVA;40
38024;603322;SUTIA MEIA TACA S/ BOJO RENDADO IDEAL;VANILLA;42C;PERMANENTE COR NOVA;40
38025;603322;SUTIA MEIA TACA S/ BOJO RENDADO IDEAL;VANILLA;44B;PERMANENTE COR NOVA;40
38026;603322;SUTIA MEIA TACA S/ BOJO RENDADO IDEAL;VANILLA;44C;PERMANENTE COR NOVA;40
38027;603322;SUTIA MEIA TACA S/ BOJO RENDADO IDEAL;VANILLA;46B;PERMANENTE COR NOVA;40
38028;603322;SUTIA MEIA TACA S/ BOJO RENDADO IDEAL;VANILLA;46C;PERMANENTE COR NOVA;40
38029;603322;SUTIA MEIA TACA S/ BOJO RENDADO IDEAL;VANILLA;48C;PERMANENTE COR NOVA;40
38014;603422;SUTIA TRIANGULO RENDADO IDEAL;VANILLA;40B;PERMANENTE COR NOVA;40
38015;603422;SUTIA TRIANGULO RENDADO IDEAL;VANILLA;42B;PERMANENTE COR NOVA;40
38016;603422;SUTIA TRIANGULO RENDADO IDEAL;VANILLA;42C;PERMANENTE COR NOVA;40
38017;603422;SUTIA TRIANGULO RENDADO IDEAL;VANILLA;44B;PERMANENTE COR NOVA;40
38018;603422;SUTIA TRIANGULO RENDADO IDEAL;VANILLA;44C;PERMANENTE COR NOVA;40
38019;603422;SUTIA TRIANGULO RENDADO IDEAL;VANILLA;46B;PERMANENTE COR NOVA;40
38020;603422;SUTIA TRIANGULO RENDADO IDEAL;VANILLA;46C;PERMANENTE COR NOVA;40
34781;101704;CALCINHA STRING FIO DENTAL CONFORT;BRANCO;G;PERMANENTE;120
34780;101704;CALCINHA STRING FIO DENTAL CONFORT;BRANCO;M;PERMANENTE;120
34779;101704;CALCINHA STRING FIO DENTAL CONFORT;BRANCO;P;PERMANENTE;120
34778;101704;CALCINHA STRING FIO DENTAL CONFORT;CALLAS;G;PERMANENTE;120
34777;101704;CALCINHA STRING FIO DENTAL CONFORT;CALLAS;M;PERMANENTE;120
34776;101704;CALCINHA STRING FIO DENTAL CONFORT;CALLAS;P;PERMANENTE;120
34784;101704;CALCINHA STRING FIO DENTAL CONFORT;CHOCOLATE;G;PERMANENTE;120
34783;101704;CALCINHA STRING FIO DENTAL CONFORT;CHOCOLATE;M;PERMANENTE;120
34782;101704;CALCINHA STRING FIO DENTAL CONFORT;CHOCOLATE;P;PERMANENTE;120
34775;101704;CALCINHA STRING FIO DENTAL CONFORT;PRETO;G;PERMANENTE;120
34774;101704;CALCINHA STRING FIO DENTAL CONFORT;PRETO;M;PERMANENTE;120
34773;101704;CALCINHA STRING FIO DENTAL CONFORT;PRETO;P;PERMANENTE;120
36143;103803;TOP TOMARA QUE CAIA COM BOJO REMOVIVEL;CHOCOLATE;G;PERMANENTE;120
36144;103803;TOP TOMARA QUE CAIA COM BOJO REMOVIVEL;CHOCOLATE;GG;PERMANENTE;120
36142;103803;TOP TOMARA QUE CAIA COM BOJO REMOVIVEL;CHOCOLATE;M;PERMANENTE;120
36141;103803;TOP TOMARA QUE CAIA COM BOJO REMOVIVEL;CHOCOLATE;P;PERMANENTE;120
36131;103803;TOP TOMARA QUE CAIA COM BOJO REMOVIVEL;PRETO;G;PERMANENTE;120
36132;103803;TOP TOMARA QUE CAIA COM BOJO REMOVIVEL;PRETO;GG;PERMANENTE;120
36130;103803;TOP TOMARA QUE CAIA COM BOJO REMOVIVEL;PRETO;M;PERMANENTE;120
36129;103803;TOP TOMARA QUE CAIA COM BOJO REMOVIVEL;PRETO;P;PERMANENTE;120
36589;106601;BODY GOLA ALTA MANGA LONGA CONFORT;PRETO;G;PERMANENTE;120
36590;106601;BODY GOLA ALTA MANGA LONGA CONFORT;PRETO;GG;PERMANENTE;120
36588;106601;BODY GOLA ALTA MANGA LONGA CONFORT;PRETO;M;PERMANENTE;120
36587;106601;BODY GOLA ALTA MANGA LONGA CONFORT;PRETO;P;PERMANENTE;120
38609;123101;SUTIA PUSH UP 3D EM MICROFIBRA;CHOCOLATE;40;PERMANENTE;120
38610;123101;SUTIA PUSH UP 3D EM MICROFIBRA;CHOCOLATE;42;PERMANENTE;120
38611;123101;SUTIA PUSH UP 3D EM MICROFIBRA;CHOCOLATE;44;PERMANENTE;120
36706;136910;ROBE EM CETIM;BRANCO;G;PERMANENTE;40
36705;136910;ROBE EM CETIM;BRANCO;M;PERMANENTE;40
36704;136910;ROBE EM CETIM;BRANCO;P;PERMANENTE;40
36718;136910;ROBE EM CETIM;PRETO;G;PERMANENTE;40
36717;136910;ROBE EM CETIM;PRETO;M;PERMANENTE;40
36716;136910;ROBE EM CETIM;PRETO;P;PERMANENTE;40
34703;301310;CALCINHA ALTA EM MICROFIBRA CONTRO;NUDE;EG;PERMANENTE;60
34701;301310;CALCINHA ALTA EM MICROFIBRA CONTRO;NUDE;G;PERMANENTE;60
34702;301310;CALCINHA ALTA EM MICROFIBRA CONTRO;NUDE;GG;PERMANENTE;60
34700;301310;CALCINHA ALTA EM MICROFIBRA CONTRO;NUDE;M;PERMANENTE;60
34699;301310;CALCINHA ALTA EM MICROFIBRA CONTRO;NUDE;P;PERMANENTE;60
37820;301311;CALCINHA LARGA  S/COSTURA CONTROL;NUDE;EG;PERMANENTE;60
37552;301311;CALCINHA LARGA  S/COSTURA CONTROL;NUDE;G;PERMANENTE;60
37553;301311;CALCINHA LARGA  S/COSTURA CONTROL;NUDE;GG;PERMANENTE;60
37551;301311;CALCINHA LARGA  S/COSTURA CONTROL;NUDE;M;PERMANENTE;60
37821;301311;CALCINHA LARGA  S/COSTURA CONTROL;PRETO;EG;PERMANENTE;60
37556;301311;CALCINHA LARGA  S/COSTURA CONTROL;PRETO;G;PERMANENTE;60
37557;301311;CALCINHA LARGA  S/COSTURA CONTROL;PRETO;GG;PERMANENTE;60
37555;301311;CALCINHA LARGA  S/COSTURA CONTROL;PRETO;M;PERMANENTE;60
34692;301707;CALCINHA ALTA EM MICROFIBRA CONTRO;NUDE;G;PERMANENTE;60
34693;301707;CALCINHA ALTA EM MICROFIBRA CONTRO;NUDE;GG;PERMANENTE;60
34691;301707;CALCINHA ALTA EM MICROFIBRA CONTRO;NUDE;M;PERMANENTE;60
34724;302104;BERMUDA ALTA EM MICROFIBRA CONTROL;NUDE;G;PERMANENTE;60
34725;302104;BERMUDA ALTA EM MICROFIBRA CONTROL;NUDE;GG;PERMANENTE;60
34723;302104;BERMUDA ALTA EM MICROFIBRA CONTROL;NUDE;M;PERMANENTE;60
34711;303402;SUTIA TRIANGULO FIRMADOR EM MICROFIBRA;NUDE;G;PERMANENTE;60
34712;303402;SUTIA TRIANGULO FIRMADOR EM MICROFIBRA;NUDE;GG;PERMANENTE;60
34710;303402;SUTIA TRIANGULO FIRMADOR EM MICROFIBRA;NUDE;M;PERMANENTE;60
34706;303402;SUTIA TRIANGULO FIRMADOR EM MICROFIBRA;PRETO;G;PERMANENTE;60
34707;303402;SUTIA TRIANGULO FIRMADOR EM MICROFIBRA;PRETO;GG;PERMANENTE;60
34705;303402;SUTIA TRIANGULO FIRMADOR EM MICROFIBRA;PRETO;M;PERMANENTE;60
38631;303603;SUTIA TQC EM MICROFIBRA CONTROL;NUDE;42;PERMANENTE;60
38632;303603;SUTIA TQC EM MICROFIBRA CONTROL;NUDE;44;PERMANENTE;60
38633;303603;SUTIA TQC EM MICROFIBRA CONTROL;NUDE;46;PERMANENTE;60
38635;303603;SUTIA TQC EM MICROFIBRA CONTROL;PRETO;42;PERMANENTE;60
38636;303603;SUTIA TQC EM MICROFIBRA CONTROL;PRETO;44;PERMANENTE;60
38637;303603;SUTIA TQC EM MICROFIBRA CONTROL;PRETO;46;PERMANENTE;60
36675;306602;BODY MANGA ALTA SEM MANGA EM MICRO;PRETO;G;PERMANENTE;120
36676;306602;BODY MANGA ALTA SEM MANGA EM MICRO;PRETO;GG;PERMANENTE;120
36674;306602;BODY MANGA ALTA SEM MANGA EM MICRO;PRETO;M;PERMANENTE;120
36673;306602;BODY MANGA ALTA SEM MANGA EM MICRO;PRETO;P;PERMANENTE;120
34834;501723;CALCINHA SEMI FIO EM RENDA KISS ME;BRANCO;G;PERMANENTE;40
34835;501723;CALCINHA SEMI FIO EM RENDA KISS ME;BRANCO;GG;PERMANENTE;40
34833;501723;CALCINHA SEMI FIO EM RENDA KISS ME;BRANCO;M;PERMANENTE;40
34832;501723;CALCINHA SEMI FIO EM RENDA KISS ME;BRANCO;P;PERMANENTE;40
34838;501723;CALCINHA SEMI FIO EM RENDA KISS ME;LOVE;G;PERMANENTE;40
34839;501723;CALCINHA SEMI FIO EM RENDA KISS ME;LOVE;GG;PERMANENTE;40
34837;501723;CALCINHA SEMI FIO EM RENDA KISS ME;LOVE;M;PERMANENTE;40
34836;501723;CALCINHA SEMI FIO EM RENDA KISS ME;LOVE;P;PERMANENTE;40
34842;501723;CALCINHA SEMI FIO EM RENDA KISS ME;NUDE;G;PERMANENTE;40
34843;501723;CALCINHA SEMI FIO EM RENDA KISS ME;NUDE;GG;PERMANENTE;40
34841;501723;CALCINHA SEMI FIO EM RENDA KISS ME;NUDE;M;PERMANENTE;40
34840;501723;CALCINHA SEMI FIO EM RENDA KISS ME;NUDE;P;PERMANENTE;40
34830;501723;CALCINHA SEMI FIO EM RENDA KISS ME;PRETO;G;PERMANENTE;40
34831;501723;CALCINHA SEMI FIO EM RENDA KISS ME;PRETO;GG;PERMANENTE;40
34829;501723;CALCINHA SEMI FIO EM RENDA KISS ME;PRETO;M;PERMANENTE;40
34828;501723;CALCINHA SEMI FIO EM RENDA KISS ME;PRETO;P;PERMANENTE;40
34815;501742;CALCINHA STRING RENDADA KISS ME;BRANCO;G;PERMANENTE;40
34814;501742;CALCINHA STRING RENDADA KISS ME;BRANCO;M;PERMANENTE;40
34813;501742;CALCINHA STRING RENDADA KISS ME;BRANCO;P;PERMANENTE;40
34818;501742;CALCINHA STRING RENDADA KISS ME;LOVE;G;PERMANENTE;40
34817;501742;CALCINHA STRING RENDADA KISS ME;LOVE;M;PERMANENTE;40
34816;501742;CALCINHA STRING RENDADA KISS ME;LOVE;P;PERMANENTE;40
34821;501742;CALCINHA STRING RENDADA KISS ME;NUDE;G;PERMANENTE;40
34820;501742;CALCINHA STRING RENDADA KISS ME;NUDE;M;PERMANENTE;40
34819;501742;CALCINHA STRING RENDADA KISS ME;NUDE;P;PERMANENTE;40
34812;501742;CALCINHA STRING RENDADA KISS ME;PRETO;G;PERMANENTE;40
34811;501742;CALCINHA STRING RENDADA KISS ME;PRETO;M;PERMANENTE;40
34810;501742;CALCINHA STRING RENDADA KISS ME;PRETO;P;PERMANENTE;40
35021;501745;CALCINHA FIO DENTAL COS EM RENDA KISS ME;BRANCO;G;PERMANENTE;40
35020;501745;CALCINHA FIO DENTAL COS EM RENDA KISS ME;BRANCO;M;PERMANENTE;40
35019;501745;CALCINHA FIO DENTAL COS EM RENDA KISS ME;BRANCO;P;PERMANENTE;40
35027;501745;CALCINHA FIO DENTAL COS EM RENDA KISS ME;LOVE;G;PERMANENTE;40
35026;501745;CALCINHA FIO DENTAL COS EM RENDA KISS ME;LOVE;M;PERMANENTE;40
35025;501745;CALCINHA FIO DENTAL COS EM RENDA KISS ME;LOVE;P;PERMANENTE;40
35030;501745;CALCINHA FIO DENTAL COS EM RENDA KISS ME;NUDE;G;PERMANENTE;40
35029;501745;CALCINHA FIO DENTAL COS EM RENDA KISS ME;NUDE;M;PERMANENTE;40
35028;501745;CALCINHA FIO DENTAL COS EM RENDA KISS ME;NUDE;P;PERMANENTE;40
35024;501745;CALCINHA FIO DENTAL COS EM RENDA KISS ME;PRETO;G;PERMANENTE;40
35023;501745;CALCINHA FIO DENTAL COS EM RENDA KISS ME;PRETO;M;PERMANENTE;40
35022;501745;CALCINHA FIO DENTAL COS EM RENDA KISS ME;PRETO;P;PERMANENTE;40
35840;601172;CALCINHA BIQUINI IDEAL RENDA;CALLAS;G;PERMANENTE;40
35841;601172;CALCINHA BIQUINI IDEAL RENDA;CALLAS;GG;PERMANENTE;40
35839;601172;CALCINHA BIQUINI IDEAL RENDA;CALLAS;M;PERMANENTE;40
35838;601172;CALCINHA BIQUINI IDEAL RENDA;CALLAS;P;PERMANENTE;40
35836;601172;CALCINHA BIQUINI IDEAL RENDA;TRUFA;G;PERMANENTE;40
35837;601172;CALCINHA BIQUINI IDEAL RENDA;TRUFA;GG;PERMANENTE;40
35835;601172;CALCINHA BIQUINI IDEAL RENDA;TRUFA;M;PERMANENTE;40
35834;601172;CALCINHA BIQUINI IDEAL RENDA;TRUFA;P;PERMANENTE;40
35776;601772;CALCINHA FIO DENTAL IDEAL RENDA;CALLAS;G;PERMANENTE;40
35775;601772;CALCINHA FIO DENTAL IDEAL RENDA;CALLAS;M;PERMANENTE;40
35774;601772;CALCINHA FIO DENTAL IDEAL RENDA;CALLAS;P;PERMANENTE;40
35772;601772;CALCINHA FIO DENTAL IDEAL RENDA;TRUFA;G;PERMANENTE;40
35771;601772;CALCINHA FIO DENTAL IDEAL RENDA;TRUFA;M;PERMANENTE;40
35770;601772;CALCINHA FIO DENTAL IDEAL RENDA;TRUFA;P;PERMANENTE;40
36604;603022;SUTIA MEIA TACA C/ BOJO RENDA;CALLAS;40B;PERMANENTE;40
36605;603022;SUTIA MEIA TACA C/ BOJO RENDA;CALLAS;40C;PERMANENTE;40
36606;603022;SUTIA MEIA TACA C/ BOJO RENDA;CALLAS;42B;PERMANENTE;40
36607;603022;SUTIA MEIA TACA C/ BOJO RENDA;CALLAS;42C;PERMANENTE;40
36608;603022;SUTIA MEIA TACA C/ BOJO RENDA;CALLAS;44B;PERMANENTE;40
36609;603022;SUTIA MEIA TACA C/ BOJO RENDA;CALLAS;44C;PERMANENTE;40
36610;603022;SUTIA MEIA TACA C/ BOJO RENDA;CALLAS;46B;PERMANENTE;40
36611;603022;SUTIA MEIA TACA C/ BOJO RENDA;CALLAS;46C;PERMANENTE;40
36612;603022;SUTIA MEIA TACA C/ BOJO RENDA;CALLAS;48C;PERMANENTE;40
36595;603022;SUTIA MEIA TACA C/ BOJO RENDA;TRUFA;40B;PERMANENTE;40
36596;603022;SUTIA MEIA TACA C/ BOJO RENDA;TRUFA;40C;PERMANENTE;40
36597;603022;SUTIA MEIA TACA C/ BOJO RENDA;TRUFA;42B;PERMANENTE;40
36598;603022;SUTIA MEIA TACA C/ BOJO RENDA;TRUFA;42C;PERMANENTE;40
36599;603022;SUTIA MEIA TACA C/ BOJO RENDA;TRUFA;44B;PERMANENTE;40
36600;603022;SUTIA MEIA TACA C/ BOJO RENDA;TRUFA;44C;PERMANENTE;40
36601;603022;SUTIA MEIA TACA C/ BOJO RENDA;TRUFA;46B;PERMANENTE;40
36602;603022;SUTIA MEIA TACA C/ BOJO RENDA;TRUFA;46C;PERMANENTE;40
36603;603022;SUTIA MEIA TACA C/ BOJO RENDA;TRUFA;48C;PERMANENTE;40
36622;603322;SUTIA MEIA TACA S/ BOJO RENDADO IDEAL;CALLAS;40B;PERMANENTE;40
36623;603322;SUTIA MEIA TACA S/ BOJO RENDADO IDEAL;CALLAS;40C;PERMANENTE;40
36624;603322;SUTIA MEIA TACA S/ BOJO RENDADO IDEAL;CALLAS;42B;PERMANENTE;40
36625;603322;SUTIA MEIA TACA S/ BOJO RENDADO IDEAL;CALLAS;42C;PERMANENTE;40
36626;603322;SUTIA MEIA TACA S/ BOJO RENDADO IDEAL;CALLAS;44B;PERMANENTE;40
36627;603322;SUTIA MEIA TACA S/ BOJO RENDADO IDEAL;CALLAS;44C;PERMANENTE;40
36628;603322;SUTIA MEIA TACA S/ BOJO RENDADO IDEAL;CALLAS;46B;PERMANENTE;40
36629;603322;SUTIA MEIA TACA S/ BOJO RENDADO IDEAL;CALLAS;46C;PERMANENTE;40
36630;603322;SUTIA MEIA TACA S/ BOJO RENDADO IDEAL;CALLAS;48C;PERMANENTE;40
36613;603322;SUTIA MEIA TACA S/ BOJO RENDADO IDEAL;TRUFA;40B;PERMANENTE;40
36614;603322;SUTIA MEIA TACA S/ BOJO RENDADO IDEAL;TRUFA;40C;PERMANENTE;40
36615;603322;SUTIA MEIA TACA S/ BOJO RENDADO IDEAL;TRUFA;42B;PERMANENTE;40
36616;603322;SUTIA MEIA TACA S/ BOJO RENDADO IDEAL;TRUFA;42C;PERMANENTE;40
36617;603322;SUTIA MEIA TACA S/ BOJO RENDADO IDEAL;TRUFA;44B;PERMANENTE;40
36618;603322;SUTIA MEIA TACA S/ BOJO RENDADO IDEAL;TRUFA;44C;PERMANENTE;40
36619;603322;SUTIA MEIA TACA S/ BOJO RENDADO IDEAL;TRUFA;46B;PERMANENTE;40
36620;603322;SUTIA MEIA TACA S/ BOJO RENDADO IDEAL;TRUFA;46C;PERMANENTE;40
36621;603322;SUTIA MEIA TACA S/ BOJO RENDADO IDEAL;TRUFA;48C;PERMANENTE;40
36639;603422;SUTIA TRIANGULO RENDADO IDEAL;CALLAS;40B;PERMANENTE;40
36640;603422;SUTIA TRIANGULO RENDADO IDEAL;CALLAS;42B;PERMANENTE;40
36641;603422;SUTIA TRIANGULO RENDADO IDEAL;CALLAS;42C;PERMANENTE;40
36642;603422;SUTIA TRIANGULO RENDADO IDEAL;CALLAS;44B;PERMANENTE;40
36643;603422;SUTIA TRIANGULO RENDADO IDEAL;CALLAS;44C;PERMANENTE;40
36644;603422;SUTIA TRIANGULO RENDADO IDEAL;CALLAS;46B;PERMANENTE;40
36645;603422;SUTIA TRIANGULO RENDADO IDEAL;CALLAS;46C;PERMANENTE;40
36632;603422;SUTIA TRIANGULO RENDADO IDEAL;TRUFA;40B;PERMANENTE;40
36633;603422;SUTIA TRIANGULO RENDADO IDEAL;TRUFA;42B;PERMANENTE;40
36634;603422;SUTIA TRIANGULO RENDADO IDEAL;TRUFA;42C;PERMANENTE;40
36635;603422;SUTIA TRIANGULO RENDADO IDEAL;TRUFA;44B;PERMANENTE;40
36636;603422;SUTIA TRIANGULO RENDADO IDEAL;TRUFA;44C;PERMANENTE;40
36637;603422;SUTIA TRIANGULO RENDADO IDEAL;TRUFA;46B;PERMANENTE;40
36638;603422;SUTIA TRIANGULO RENDADO IDEAL;TRUFA;46C;PERMANENTE;40
38584;703016;SUTIA 1/2 TACA EM MICROFIBRA TACA B;CHOCOLATE;48;PERMANENTE;120
38585;703016;SUTIA 1/2 TACA EM MICROFIBRA TACA B;CHOCOLATE;50;PERMANENTE;120
38586;703016;SUTIA 1/2 TACA EM MICROFIBRA TACA B;CHOCOLATE;52;PERMANENTE;120
38587;703016;SUTIA 1/2 TACA EM MICROFIBRA TACA B;CHOCOLATE;54;PERMANENTE;120
38596;703016;SUTIA 1/2 TACA EM MICROFIBRA TACA B;NUDE;48;PERMANENTE;120
38597;703016;SUTIA 1/2 TACA EM MICROFIBRA TACA B;NUDE;50;PERMANENTE;120
38598;703016;SUTIA 1/2 TACA EM MICROFIBRA TACA B;NUDE;52;PERMANENTE;120
38599;703016;SUTIA 1/2 TACA EM MICROFIBRA TACA B;NUDE;54;PERMANENTE;120
38511;703016;SUTIA 1/2 TACA EM MICROFIBRA TACA B;PRETO;48;PERMANENTE;120
38512;703016;SUTIA 1/2 TACA EM MICROFIBRA TACA B;PRETO;50;PERMANENTE;120
38513;703016;SUTIA 1/2 TACA EM MICROFIBRA TACA B;PRETO;52;PERMANENTE;120
38514;703016;SUTIA 1/2 TACA EM MICROFIBRA TACA B;PRETO;54;PERMANENTE;120
38590;703016;SUTIA 1/2 TACA EM MICROFIBRA TACA B;TRUFA;48;PERMANENTE;120
38591;703016;SUTIA 1/2 TACA EM MICROFIBRA TACA B;TRUFA;50;PERMANENTE;120
38592;703016;SUTIA 1/2 TACA EM MICROFIBRA TACA B;TRUFA;52;PERMANENTE;120
38593;703016;SUTIA 1/2 TACA EM MICROFIBRA TACA B;TRUFA;54;PERMANENTE;120
38516;703017;SUTIA 1/2 TACA EM MICROFIBRA TACA B;CHOCOLATE;48;PERMANENTE;120
38517;703017;SUTIA 1/2 TACA EM MICROFIBRA TACA B;CHOCOLATE;50;PERMANENTE;120
38518;703017;SUTIA 1/2 TACA EM MICROFIBRA TACA B;CHOCOLATE;52;PERMANENTE;120
38519;703017;SUTIA 1/2 TACA EM MICROFIBRA TACA B;CHOCOLATE;54;PERMANENTE;120
38526;703017;SUTIA 1/2 TACA EM MICROFIBRA TACA B;NUDE;48;PERMANENTE;120
38527;703017;SUTIA 1/2 TACA EM MICROFIBRA TACA B;NUDE;50;PERMANENTE;120
38528;703017;SUTIA 1/2 TACA EM MICROFIBRA TACA B;NUDE;52;PERMANENTE;120
38529;703017;SUTIA 1/2 TACA EM MICROFIBRA TACA B;NUDE;54;PERMANENTE;120
38531;703017;SUTIA 1/2 TACA EM MICROFIBRA TACA B;PRETO;48;PERMANENTE;120
38532;703017;SUTIA 1/2 TACA EM MICROFIBRA TACA B;PRETO;50;PERMANENTE;120
38533;703017;SUTIA 1/2 TACA EM MICROFIBRA TACA B;PRETO;52;PERMANENTE;120
38534;703017;SUTIA 1/2 TACA EM MICROFIBRA TACA B;PRETO;54;PERMANENTE;120
38536;703017;SUTIA 1/2 TACA EM MICROFIBRA TACA B;TRUFA;48;PERMANENTE;120
38537;703017;SUTIA 1/2 TACA EM MICROFIBRA TACA B;TRUFA;50;PERMANENTE;120
38538;703017;SUTIA 1/2 TACA EM MICROFIBRA TACA B;TRUFA;52;PERMANENTE;120
38539;703017;SUTIA 1/2 TACA EM MICROFIBRA TACA B;TRUFA;54;PERMANENTE;120
38540;703018;SUTIA 1/2 TACA BASICO EM MICROFIBRA TM;CHOCOLATE;48;PERMANENTE;120
38541;703018;SUTIA 1/2 TACA BASICO EM MICROFIBRA TM;CHOCOLATE;50;PERMANENTE;120
38542;703018;SUTIA 1/2 TACA BASICO EM MICROFIBRA TM;CHOCOLATE;52;PERMANENTE;120
38543;703018;SUTIA 1/2 TACA BASICO EM MICROFIBRA TM;CHOCOLATE;54;PERMANENTE;120
38548;703018;SUTIA 1/2 TACA BASICO EM MICROFIBRA TM;NUDE;48;PERMANENTE;120
38549;703018;SUTIA 1/2 TACA BASICO EM MICROFIBRA TM;NUDE;50;PERMANENTE;120
38550;703018;SUTIA 1/2 TACA BASICO EM MICROFIBRA TM;NUDE;52;PERMANENTE;120
38551;703018;SUTIA 1/2 TACA BASICO EM MICROFIBRA TM;NUDE;54;PERMANENTE;120
38552;703018;SUTIA 1/2 TACA BASICO EM MICROFIBRA TM;PRETO;48;PERMANENTE;120
38553;703018;SUTIA 1/2 TACA BASICO EM MICROFIBRA TM;PRETO;50;PERMANENTE;120
38554;703018;SUTIA 1/2 TACA BASICO EM MICROFIBRA TM;PRETO;52;PERMANENTE;120
38555;703018;SUTIA 1/2 TACA BASICO EM MICROFIBRA TM;PRETO;54;PERMANENTE;120
38557;703020;SUTIA MEIA TACA COM ZIPER C/ MICROFIBRA;CHOCOLATE;48;PERMANENTE;120
38558;703020;SUTIA MEIA TACA COM ZIPER C/ MICROFIBRA;CHOCOLATE;50;PERMANENTE;120
38559;703020;SUTIA MEIA TACA COM ZIPER C/ MICROFIBRA;CHOCOLATE;52;PERMANENTE;120
38562;703020;SUTIA MEIA TACA COM ZIPER C/ MICROFIBRA;PRETO;48;PERMANENTE;120
38563;703020;SUTIA MEIA TACA COM ZIPER C/ MICROFIBRA;PRETO;50;PERMANENTE;120
38564;703020;SUTIA MEIA TACA COM ZIPER C/ MICROFIBRA;PRETO;52;PERMANENTE;120
38567;703021;SUTIA 1/2 TACA EM RENDA TACA B;NUDE;48;PERMANENTE;120
38568;703021;SUTIA 1/2 TACA EM RENDA TACA B;NUDE;50;PERMANENTE;120
38569;703021;SUTIA 1/2 TACA EM RENDA TACA B;NUDE;52;PERMANENTE;120
38570;703021;SUTIA 1/2 TACA EM RENDA TACA B;NUDE;54;PERMANENTE;120
38572;703021;SUTIA 1/2 TACA EM RENDA TACA B;PRETO;48;PERMANENTE;120
38573;703021;SUTIA 1/2 TACA EM RENDA TACA B;PRETO;50;PERMANENTE;120
38574;703021;SUTIA 1/2 TACA EM RENDA TACA B;PRETO;52;PERMANENTE;120
38575;703021;SUTIA 1/2 TACA EM RENDA TACA B;PRETO;54;PERMANENTE;120
