idproduto;mes;qtd
35368;jul;104
35369;jul;208
35370;jul;141
35371;jul;63
35384;jul;83
35385;jul;210
35386;jul;171
35387;jul;88
35324;jul;190
35325;jul;325
35326;jul;198
35327;jul;87
35440;jul;88
35441;jul;210
35442;jul;177
35443;jul;83
35272;jul;73
35273;jul;169
35274;jul;199
35275;jul;157
35295;jul;107
35296;jul;207
35297;jul;195
35298;jul;119
35310;jul;43
35311;jul;95
35312;jul;121
35313;jul;103
35314;jul;69
37972;jul;40
37973;jul;76
37974;jul;64
37975;jul;35
37976;jul;24
38055;jul;21
38056;jul;32
38057;jul;35
38058;jul;23
38047;jul;16
38048;jul;27
38049;jul;29
38050;jul;25
38039;jul;22
38040;jul;44
38041;jul;35
38042;jul;21
37944;jul;23
37945;jul;29
37946;jul;31
37947;jul;21
38059;jul;23
38060;jul;29
38061;jul;31
38062;jul;21
37822;jul;29
37823;jul;50
37824;jul;39
37825;jul;24
37826;jul;30
37827;jul;52
37828;jul;40
37829;jul;24
37830;jul;29
37831;jul;50
37832;jul;39
37833;jul;24
37960;jul;41
37961;jul;54
37962;jul;46
37963;jul;29
37977;jul;46
37978;jul;78
37979;jul;66
37980;jul;39
38287;jul;38
38288;jul;45
38289;jul;44
38290;jul;30
37956;jul;29
37957;jul;42
37958;jul;40
37959;jul;21
38063;jul;29
38064;jul;42
38065;jul;40
38066;jul;21
38043;jul;18
38044;jul;30
38045;jul;25
38046;jul;17
37968;jul;52
37969;jul;75
37970;jul;66
37971;jul;42
37964;jul;26
37965;jul;44
37966;jul;27
37967;jul;12
35336;jul;133
35337;jul;501
35338;jul;516
35339;jul;324
35356;jul;104
35357;jul;281
35358;jul;257
35359;jul;152
35228;jul;207
35229;jul;345
35230;jul;224
35231;jul;86
37551;jul;28
37552;jul;77
37553;jul;77
37820;jul;51
37555;jul;12
37556;jul;33
37557;jul;33
37821;jul;22
35212;jul;158
35213;jul;240
35214;jul;141
35215;jul;47
35244;jul;111
35245;jul;197
35246;jul;184
35247;jul;123
35260;jul;48
35261;jul;123
35262;jul;154
35263;jul;110
38005;jul;43
38006;jul;60
38007;jul;45
38008;jul;24
38009;jul;43
38010;jul;60
38011;jul;45
38012;jul;24
38315;jul;57
38316;jul;101
38317;jul;86
38318;jul;51
38307;jul;57
38308;jul;101
38309;jul;86
38310;jul;51
37852;jul;38
37853;jul;64
37854;jul;55
37855;jul;34
37856;jul;47
37857;jul;81
37858;jul;69
37859;jul;43
37860;jul;66
37861;jul;113
37862;jul;96
37863;jul;60
37864;jul;38
37865;jul;64
37866;jul;55
37867;jul;34
37427;jul;44
37428;jul;75
37429;jul;66
37430;jul;35
37678;jul;44
37679;jul;75
37680;jul;66
37681;jul;35
37511;jul;51
37512;jul;89
37513;jul;74
37514;jul;41
37519;jul;42
37520;jul;73
37521;jul;60
37522;jul;33
36846;jul;72
36847;jul;122
36848;jul;104
36849;jul;65
36854;jul;59
36855;jul;100
36856;jul;85
36857;jul;53
37368;jul;269
37369;jul;457
37370;jul;403
37371;jul;376
37372;jul;639
37373;jul;564
37840;jul;215
37841;jul;301
37842;jul;215
37843;jul;365
37844;jul;322
37845;jul;172
37846;jul;215
37847;jul;365
37848;jul;322
37849;jul;172
37457;jul;93
37458;jul;158
37459;jul;139
37686;jul;74
37454;jul;93
37455;jul;158
37456;jul;139
37687;jul;74
38298;jul;12
38299;jul;41
38300;jul;51
38301;jul;41
38294;jul;12
38295;jul;41
38296;jul;51
38297;jul;41
37744;jul;42
37745;jul;78
37746;jul;78
37747;jul;60
37748;jul;42
37749;jul;78
37750;jul;78
37751;jul;60
37997;jul;106
37998;jul;156
37999;jul;114
38000;jul;46
38001;jul;106
38002;jul;156
38003;jul;114
38004;jul;46
37752;jul;163
37753;jul;293
37754;jul;228
37755;jul;130
37756;jul;163
37757;jul;293
37758;jul;228
37759;jul;130
37760;jul;68
37761;jul;93
37762;jul;74
37763;jul;38
37764;jul;68
37765;jul;93
37766;jul;74
37767;jul;38
37701;jul;35
37702;jul;56
37703;jul;51
37704;jul;25
37705;jul;35
37706;jul;56
37707;jul;51
37708;jul;25
37709;jul;51
37710;jul;68
37711;jul;49
37712;jul;51
37713;jul;68
37714;jul;49
37715;jul;47
37716;jul;69
37717;jul;52
37718;jul;47
37719;jul;69
37720;jul;52
36987;jul;127
36988;jul;217
36989;jul;191
36993;jul;104
36994;jul;177
36995;jul;156
37868;jul;102
37869;jul;83
37736;jul;63
37737;jul;140
37738;jul;160
37739;jul;116
37740;jul;63
37741;jul;140
37742;jul;160
37743;jul;116
37570;jul;81
37571;jul;93
37572;jul;78
37573;jul;48
37574;jul;67
37575;jul;76
37576;jul;64
37577;jul;39
37674;jul;28
37675;jul;60
37676;jul;64
37677;jul;48
37076;jul;28
37077;jul;60
37078;jul;64
37079;jul;48
36890;jul;39
36891;jul;83
36892;jul;89
36893;jul;67
36905;jul;32
36906;jul;68
36907;jul;73
36908;jul;55
37721;jul;80
37722;jul;101
37723;jul;74
37724;jul;52
37725;jul;80
37726;jul;101
37727;jul;74
37728;jul;52
37590;jul;68
37591;jul;78
37592;jul;66
37593;jul;40
37682;jul;68
37683;jul;78
37684;jul;66
37685;jul;40
37989;jul;81
37990;jul;122
37991;jul;103
37992;jul;63
37993;jul;81
37994;jul;122
37995;jul;103
37996;jul;63
36871;jul;34
36872;jul;68
36873;jul;78
36874;jul;61
36879;jul;28
36880;jul;56
36881;jul;64
36882;jul;50
37153;jul;40
37154;jul;65
37155;jul;59
37156;jul;27
37161;jul;40
37162;jul;65
37163;jul;59
37164;jul;27
37730;jul;15
37731;jul;24
37732;jul;22
37733;jul;15
37734;jul;24
37735;jul;22
38286;jul;12
38293;jul;12
38322;jul;19
38323;jul;29
38324;jul;27
38325;jul;19
38326;jul;44
38327;jul;69
38328;jul;62
38329;jul;44
37657;jul;63
37658;jul;74
37659;jul;60
37660;jul;37
37697;jul;63
37698;jul;74
37699;jul;60
37700;jul;37
38376;jul;15
38377;jul;26
38378;jul;21
38379;jul;13
38372;jul;35
38373;jul;60
38374;jul;50
38375;jul;30
37183;jul;17
37184;jul;26
37185;jul;21
37186;jul;12
37187;jul;39
37188;jul;60
37189;jul;50
37190;jul;28
38364;jul;38
38365;jul;64
38366;jul;50
38367;jul;27
38368;jul;38
38369;jul;64
38370;jul;50
38371;jul;27
37088;jul;58
37089;jul;100
37090;jul;78
37091;jul;42
37790;jul;39
37791;jul;67
37792;jul;52
37793;jul;28
37165;jul;40
37166;jul;69
37167;jul;59
37168;jul;34
37169;jul;27
37170;jul;46
37171;jul;39
37172;jul;23
36037;jul;34
36038;jul;60
36039;jul;58
36040;jul;36
37117;jul;111
37118;jul;172
37119;jul;134
37834;jul;46
37120;jul;111
37121;jul;172
37122;jul;134
37835;jul;46
37096;jul;160
37097;jul;243
37098;jul;195
37099;jul;97
37806;jul;107
37807;jul;162
37808;jul;130
37809;jul;65
37173;jul;45
37174;jul;73
37175;jul;49
37176;jul;37
37177;jul;59
37178;jul;40
37836;jul;47
37837;jul;38
37346;jul;82
37347;jul;193
37348;jul;116
37349;jul;43
37350;jul;88
37351;jul;209
37352;jul;126
37353;jul;47
37034;jul;51
37035;jul;79
37036;jul;62
37838;jul;21
37031;jul;47
37032;jul;73
37033;jul;57
37839;jul;20
36033;jul;52
36034;jul;84
36035;jul;74
36036;jul;37
37021;jul;101
37022;jul;165
37023;jul;149
37024;jul;85
37025;jul;37
37026;jul;110
37027;jul;179
37028;jul;162
37029;jul;92
37030;jul;40
37052;jul;102
37053;jul;162
37054;jul;130
37055;jul;65
37056;jul;102
37057;jul;162
37058;jul;130
37059;jul;65
37362;jul;167
37363;jul;257
37364;jul;202
37794;jul;70
37796;jul;111
37797;jul;172
37798;jul;134
37799;jul;46
36953;jul;75
36954;jul;119
36955;jul;96
36956;jul;50
36957;jul;80
36958;jul;64
37818;jul;32
37819;jul;48
37410;jul;118
37411;jul;182
37412;jul;142
37413;jul;49
37406;jul;96
37407;jul;149
37408;jul;117
37409;jul;40
38030;jul;6
38031;jul;7
38032;jul;15
38033;jul;16
38034;jul;16
38035;jul;17
38036;jul;12
38037;jul;12
38038;jul;11
37039;jul;91
37040;jul;108
37041;jul;85
37042;jul;54
37043;jul;84
37044;jul;100
37045;jul;78
37046;jul;50
37064;jul;61
37065;jul;89
37066;jul;61
37067;jul;43
37068;jul;61
37069;jul;89
37070;jul;61
37071;jul;43
37483;jul;61
37484;jul;72
37485;jul;56
37486;jul;36
37487;jul;50
37488;jul;59
37489;jul;46
37490;jul;29
37400;jul;42
37401;jul;84
37402;jul;99
37403;jul;75
37394;jul;39
37395;jul;78
37396;jul;92
37397;jul;69
37784;jul;28
37785;jul;57
37786;jul;67
37787;jul;51
37013;jul;42
37014;jul;85
37015;jul;100
37016;jul;76
36997;jul;14
36998;jul;28
36999;jul;33
37000;jul;25
37001;jul;21
37002;jul;42
37003;jul;50
37004;jul;38
38021;jul;8
38022;jul;7
38023;jul;16
38024;jul;13
38025;jul;18
38026;jul;13
38027;jul;16
38028;jul;11
38029;jul;13
37374;jul;32
37375;jul;30
37376;jul;23
37378;jul;30
37379;jul;27
37380;jul;21
38343;jul;30
38344;jul;27
36971;jul;43
36972;jul;51
36973;jul;40
36974;jul;25
36975;jul;28
36976;jul;34
36977;jul;26
36978;jul;17
38014;jul;9
38015;jul;33
38016;jul;16
38017;jul;34
38018;jul;17
38019;jul;30
38020;jul;16
38384;jul;36
38385;jul;63
38386;jul;63
38387;jul;18
38380;jul;36
38381;jul;63
38382;jul;63
38383;jul;18
37661;jul;40
37662;jul;45
37663;jul;34
37664;jul;18
37669;jul;40
37670;jul;45
37671;jul;34
37672;jul;18
37491;jul;60
37492;jul;69
37493;jul;52
37494;jul;27
37495;jul;49
37496;jul;56
37497;jul;43
37498;jul;22
37009;jul;90
37010;jul;96
37011;jul;73
37012;jul;35
37800;jul;60
37801;jul;64
37802;jul;48
37803;jul;23
37623;jul;62
37624;jul;71
37625;jul;59
37626;jul;37
37627;jul;75
37628;jul;87
37629;jul;73
37630;jul;45
37610;jul;62
37611;jul;85
37612;jul;55
37613;jul;36
37614;jul;57
37615;jul;79
37616;jul;50
37617;jul;33
37637;jul;33
37638;jul;46
37639;jul;29
37640;jul;19
37641;jul;33
37642;jul;46
37643;jul;29
37644;jul;19
37850;jul;253
37851;jul;169
37598;jul;87
37599;jul;75
37600;jul;87
37601;jul;75
38291;jul;87
38292;jul;75
37544;jul;53
37545;jul;38
37546;jul;26
37815;jul;35
37816;jul;25
37817;jul;17
37890;jul;41
37891;jul;26
37892;jul;27
37893;jul;47
37894;jul;43
37895;jul;33
37903;jul;46
37904;jul;31
37905;jul;23
37896;jul;51
37897;jul;34
37898;jul;30
37440;jul;63
37441;jul;45
37442;jul;31
37694;jul;63
37695;jul;45
37696;jul;31
36862;jul;82
36863;jul;59
36864;jul;50
36865;jul;67
36866;jul;49
36867;jul;41
37880;jul;40
37881;jul;53
37882;jul;40
37883;jul;28
37884;jul;26
37499;jul;26
37500;jul;27
37501;jul;22
37502;jul;15
37507;jul;21
37508;jul;22
37509;jul;18
37510;jul;13
37870;jul;30
37871;jul;30
37872;jul;28
37873;jul;21
37874;jul;15
37886;jul;18
37887;jul;16
37888;jul;12
37889;jul;9
37464;jul;22
37465;jul;23
37466;jul;18
37467;jul;13
37688;jul;22
37689;jul;23
37690;jul;18
37691;jul;13
37417;jul;29
37418;jul;30
37419;jul;24
37420;jul;17
37810;jul;19
37811;jul;20
37812;jul;16
37813;jul;11
37875;jul;27
37876;jul;30
37877;jul;25
37878;jul;18
38441;jul;19
38442;jul;39
38443;jul;35
38444;jul;20
38437;jul;49
38438;jul;99
38439;jul;90
38440;jul;52
38449;jul;21
38450;jul;43
38451;jul;39
38452;jul;23
38461;jul;15
38462;jul;30
38463;jul;27
38464;jul;16
38457;jul;26
38458;jul;52
38459;jul;47
38460;jul;27
38433;jul;37
38434;jul;73
38435;jul;67
38436;jul;39
38453;jul;26
38454;jul;52
38455;jul;47
38456;jul;27
38445;jul;21
38446;jul;43
38447;jul;39
38448;jul;23
